Region,Soil_Type,Crop,Rainfall_mm,Temperature_Celsius,Fertilizer_Used,Irrigation_Used,Weather_Condition,Days_to_Harvest,Yield_tons_per_hectare
East,Chalky,Wheat,628.6067433669514,30.884438789861065,True,True,Cloudy,139,6.044547158824915
West,Clay,Maize,640.1532269874978,20.863281205494,True,True,Cloudy,75,7.188435225704147
South,Chalky,Wheat,722.7475694317064,30.217355897455008,False,False,Sunny,89,4.982164188828034
East,Chalky,Cotton,358.62283729264715,38.95346670759562,False,False,Cloudy,142,2.303844460839991
East,Chalky,Cotton,610.1722256006051,36.03703212710569,True,False,Sunny,100,5.018173434913487
South,Sandy,Barley,257.0929246622861,29.81286162839117,False,False,Cloudy,84,2.376196469659507
North,Chalky,Cotton,413.1967174366877,29.299468882768476,False,False,Cloudy,89,3.524514430268068
West,Clay,Soybean,722.4563637112943,34.271503942185184,True,False,Cloudy,96,5.561690612364457
South,Clay,Cotton,273.56924430840706,34.37492954032123,True,False,Cloudy,133,3.137690535168033
South,Silt,Rice,751.2852925915147,21.101799379533094,True,False,Sunny,84,5.847222002153698
East,Silt,Wheat,231.4280440167292,39.9663573788832,False,True,Sunny,118,3.254502485153665
West,Clay,Barley,530.6937348426493,15.692961748377998,True,True,Cloudy,138,5.6188392997164165
North,Clay,Barley,586.6880746813915,16.138292103001238,False,False,Cloudy,90,4.089136692375378
North,Peaty,Rice,641.6788000407437,36.14103175325385,False,False,Sunny,75,3.270497644925841
East,Silt,Soybean,142.14946125496436,15.774882023749171,False,False,Cloudy,74,0.8521176951471693
North,Silt,Wheat,846.526168235036,29.092898606140277,True,True,Cloudy,101,7.846016361270296
West,Chalky,Maize,401.6349829078905,31.13748159231516,True,True,Rainy,148,4.6821005844064025
East,Peaty,Cotton,831.4171699167209,21.64868487431084,True,False,Cloudy,139,6.062671176849232
North,Peaty,Wheat,863.7273302573628,38.73914769096383,True,True,Rainy,145,6.991881475863628
West,Clay,Cotton,549.210583357409,25.086175999482307,False,False,Rainy,119,3.515249594387054
South,Chalky,Soybean,213.06315932181832,15.934216384336905,False,False,Sunny,98,1.8654390875323956
South,Loam,Cotton,133.20455324138442,37.87386834494104,True,True,Sunny,67,3.691559031785955
South,Clay,Rice,614.6535124143313,34.9972672186092,True,False,Cloudy,126,5.580700776435257
East,Chalky,Barley,230.98992614985423,23.83403113942468,False,False,Cloudy,91,2.0381692507227003
West,Chalky,Rice,915.3273619951386,28.63016155633231,True,True,Rainy,86,7.6465865889692894
South,Peaty,Cotton,208.1341423044355,24.067696026121272,True,False,Sunny,107,3.075773072434361
North,Peaty,Maize,341.1023423921453,31.39160427986389,True,False,Cloudy,122,4.373342501053704
West,Chalky,Cotton,149.96635753222324,29.48335500394617,False,True,Rainy,110,3.3452007905224206
West,Chalky,Barley,422.6894007339154,15.975032061472156,False,True,Sunny,73,3.4579423538653264
North,Sandy,Maize,926.563382889689,16.881518793290198,True,False,Cloudy,133,5.86664356915574
East,Clay,Soybean,658.1711100510615,31.153670572337884,True,False,Rainy,87,4.64935224419056
West,Clay,Maize,100.01277781836627,19.858435779335405,True,False,Sunny,130,2.5510472988167487
East,Silt,Barley,396.7643268307424,17.466191196019828,False,True,Cloudy,128,2.9584102164882027
South,Clay,Wheat,333.5465494709198,33.436779046881526,False,False,Sunny,102,1.851843086083815
South,Peaty,Cotton,462.34247201463626,19.65212980924184,True,False,Rainy,117,4.523507784078221
South,Clay,Wheat,158.0306238668141,35.78719695551199,True,True,Rainy,71,3.974008577078669
East,Clay,Rice,984.0999280622082,20.268442255348223,False,True,Rainy,135,5.690203893658641
West,Clay,Maize,957.7463151256296,18.589254385268127,False,False,Rainy,140,5.596727420876615
East,Loam,Soybean,874.2600741478773,35.69600927625439,True,True,Rainy,74,7.690555459626825
East,Sandy,Maize,573.7924738213463,31.052319333105093,False,True,Cloudy,75,4.45282268325358
North,Silt,Barley,586.1913489983582,15.99822150550128,True,False,Rainy,128,4.710780647995016
North,Peaty,Barley,218.7537319918829,31.10779817741088,True,False,Cloudy,99,3.470902349869298
West,Loam,Barley,722.5238670656857,32.22236748254495,True,True,Rainy,76,7.5524233328676145
East,Clay,Rice,386.17895026803205,35.59547035789839,True,True,Rainy,64,5.794512645362639
West,Peaty,Cotton,982.4069097439598,27.563620684948425,False,True,Rainy,112,7.556285235090722
West,Clay,Wheat,571.7765629443134,24.56960394960752,False,True,Sunny,146,4.670079465180885
West,Silt,Cotton,259.1172708873297,36.75928288794018,False,False,Cloudy,68,2.279113643255213
North,Clay,Rice,468.6950025513159,33.87314419238404,True,False,Cloudy,102,4.082020339021609
East,Loam,Rice,989.5319042609752,28.519071607232213,True,True,Cloudy,60,8.492610480886674
West,Peaty,Rice,268.5526249640679,21.682069919777007,True,False,Rainy,124,4.27370157066183
South,Loam,Wheat,695.5696670129897,36.60812321689612,False,True,Rainy,70,5.494979137380398
North,Silt,Cotton,147.07294934030548,29.92962422677265,True,False,Cloudy,133,2.314897195668672
East,Peaty,Wheat,383.1474290512074,33.5449445220539,False,False,Sunny,83,3.0968728235647296
South,Chalky,Wheat,462.6416655290388,15.150025441535863,True,False,Sunny,70,4.099552332180621
West,Sandy,Wheat,106.27924743221058,38.24678533940588,True,True,Rainy,104,3.396956625928011
West,Chalky,Cotton,609.8635968461786,33.21922854428601,True,False,Cloudy,61,5.073382951910894
East,Sandy,Maize,660.4681756164535,35.312307487021016,False,True,Cloudy,143,5.428521035627293
South,Peaty,Maize,254.73204453755204,16.8593987713779,False,True,Cloudy,86,2.948958193521846
West,Chalky,Rice,588.2065048187294,21.28667649112927,True,True,Rainy,124,5.472635547887522
North,Silt,Wheat,927.2449271166878,24.28255929278385,False,False,Sunny,142,5.80085789083189
West,Clay,Rice,421.8292223369328,18.05828985151521,False,True,Cloudy,76,3.3602126212208807
West,Peaty,Cotton,806.8484077371999,20.17772865743484,True,False,Cloudy,98,6.593205527181559
East,Chalky,Barley,777.4745592719627,25.183108898364544,False,False,Cloudy,73,4.909380823230885
South,Chalky,Barley,932.8771864970528,19.241135426257387,False,False,Cloudy,76,4.512558368477672
West,Clay,Barley,845.5701796282583,16.273504537692368,True,False,Cloudy,89,6.861896343638353
North,Silt,Soybean,782.9350937779557,39.10051628219476,True,True,Sunny,118,7.633158591398313
West,Chalky,Rice,578.446169362732,26.720440469630105,False,True,Rainy,100,5.162169143155255
East,Chalky,Rice,775.3519084136469,23.11763299584059,True,True,Sunny,80,6.731165669190957
South,Peaty,Cotton,476.5270028943127,34.460108522712545,True,False,Sunny,83,3.897017474225396
North,Clay,Cotton,113.48202463785256,21.97521534008749,True,False,Sunny,85,2.972303887494409
West,Silt,Barley,354.4731431921137,33.651348923244086,False,False,Sunny,121,2.0920490466287704
East,Clay,Rice,700.5624535890087,23.05449202269861,False,True,Cloudy,75,5.880866788937762
North,Silt,Cotton,870.9272013576295,15.875761930265986,False,False,Cloudy,101,4.515987375746074
East,Loam,Barley,340.35502860044005,23.715664894536737,False,True,Rainy,111,4.158622987851721
East,Loam,Rice,575.9758982929766,39.18165865067237,True,False,Cloudy,84,6.677254500501989
West,Silt,Cotton,957.7033589108098,36.72463740383746,False,True,Sunny,103,6.451422241582067
North,Loam,Soybean,593.5361570644645,28.421458036687927,False,True,Cloudy,106,5.176808024157136
South,Silt,Soybean,832.4220079837812,36.03428614092908,False,True,Cloudy,73,5.436298349113583
West,Peaty,Maize,500.9669601258009,28.299707306738487,True,False,Rainy,71,4.697259429319708
North,Sandy,Wheat,501.5293095527607,17.275492384500463,False,False,Cloudy,133,3.00608169647812
West,Sandy,Barley,245.75582080220423,16.65556232680204,True,False,Sunny,74,3.45570384179344
West,Clay,Rice,738.719274386998,28.177094526862238,False,False,Cloudy,120,4.362263252371932
West,Loam,Maize,646.255547303684,36.64233052067493,False,False,Cloudy,142,4.253967444830458
East,Clay,Wheat,950.653474345473,35.78019803155516,False,True,Sunny,89,6.422163928383802
East,Silt,Soybean,757.6141225847983,26.425288390993007,False,False,Rainy,111,5.128236508562444
East,Clay,Cotton,860.747131970771,20.306675122827045,False,True,Cloudy,96,5.330877498525198
North,Sandy,Maize,699.5217213583304,22.746595181641663,True,False,Cloudy,102,4.963135577936862
West,Clay,Cotton,478.0785436135105,28.682197123773012,False,True,Sunny,111,4.539238451843947
North,Loam,Maize,924.749545215014,15.13189977922418,False,False,Cloudy,60,4.837258703774253
North,Chalky,Soybean,349.3691246428124,39.76506064713816,False,True,Cloudy,93,4.651773656117684
East,Sandy,Rice,538.1397221709358,32.66159719594761,False,False,Sunny,122,2.56066689302928
East,Silt,Wheat,134.48608929652667,36.764105809467466,True,False,Cloudy,96,3.01633387319282
West,Clay,Soybean,202.1302593346436,23.678783212479345,False,False,Rainy,63,0.7333912323225144
West,Sandy,Barley,148.0106276869163,37.717363405828166,True,True,Sunny,142,3.867181811099538
South,Clay,Wheat,510.65359612795424,30.07607787827825,True,False,Rainy,60,5.426741343012841
South,Loam,Wheat,339.5139483475054,22.931650506026514,True,False,Cloudy,110,3.4344807266844386
West,Sandy,Cotton,396.7771184973897,29.48494902399005,True,True,Rainy,142,5.034401510469726
North,Peaty,Cotton,866.4590367066945,36.23984165782146,True,True,Cloudy,62,7.700185686925081
South,Peaty,Barley,329.7358378718393,21.615159694522628,True,False,Sunny,135,4.033641539552908
North,Peaty,Barley,896.9978053465978,35.780070177883914,True,True,Cloudy,98,7.273371221639983
West,Chalky,Soybean,949.608035316234,39.36154655312227,True,True,Sunny,84,8.783151718349492
South,Clay,Wheat,191.08604446848568,37.27577749319257,True,False,Rainy,133,3.7536185945225577
East,Chalky,Maize,391.3383258455139,26.37977343716411,False,False,Sunny,114,1.9166409059568883
South,Loam,Maize,245.6850064638243,25.75346009836505,False,True,Rainy,108,3.3927995924036254
South,Sandy,Cotton,751.7779396258226,15.97974320939784,False,False,Rainy,81,4.405138579608784
North,Silt,Soybean,789.0574558589074,30.280190275894043,False,True,Rainy,83,4.894048152774594
East,Chalky,Barley,261.3739546605526,17.19005037467228,False,True,Rainy,90,2.809433284941024
East,Chalky,Wheat,339.2552204647415,32.404399161067644,False,False,Cloudy,62,2.990246683402209
East,Clay,Wheat,185.3122699684428,19.38156493838582,True,False,Sunny,72,2.724817616208002
North,Clay,Maize,510.6150052698792,30.18235505503664,False,False,Rainy,120,3.207728334176041
North,Loam,Soybean,534.0666569364976,30.94404501519505,False,False,Sunny,67,2.270588974553449
West,Silt,Rice,616.942370907343,33.29084093258338,False,False,Rainy,118,3.357658612234345
South,Loam,Soybean,974.937690448592,29.285458664545544,True,False,Rainy,84,6.7826837623149
West,Peaty,Barley,829.9490500958602,18.123838892360716,False,False,Rainy,110,4.46417757681085
East,Loam,Rice,119.56665015695066,34.953666605851254,True,False,Cloudy,72,2.617563131049066
North,Sandy,Barley,748.2372746856513,37.060798228134175,False,True,Sunny,77,6.085989236505638
West,Chalky,Rice,871.4888957462264,36.95646010713188,False,True,Sunny,108,5.892661673227612
West,Chalky,Rice,939.806161264652,21.181195759739207,False,False,Cloudy,136,4.74984598555908
West,Clay,Cotton,626.8762022217842,31.272863587175216,False,True,Cloudy,135,4.129578181010901
East,Peaty,Barley,513.0250353554766,23.935660469127765,True,False,Sunny,77,3.684454475337839
West,Sandy,Maize,617.5411546677907,23.367915663468334,False,False,Cloudy,147,3.980483230313305
North,Sandy,Rice,207.65887607821853,15.023372700894134,True,False,Cloudy,92,2.477075665375008
East,Chalky,Maize,664.5284151711217,18.84548350382264,False,False,Sunny,63,3.1503559132545043
West,Clay,Rice,493.41530215562864,17.911348193245964,True,True,Rainy,140,6.318036744422972
North,Peaty,Barley,401.96206988495953,27.0924991569164,False,True,Cloudy,126,3.66191828553208
South,Peaty,Cotton,127.5483389689858,16.36891119869101,False,False,Rainy,70,1.254336294253313
West,Loam,Soybean,685.5073940324858,38.71719926963248,True,False,Sunny,96,6.386150003366766
South,Silt,Maize,876.3010250265875,19.3034868917651,False,True,Sunny,98,6.3363668079153
West,Sandy,Cotton,374.859801964122,34.21423381146149,False,False,Rainy,111,2.765920352265648
West,Sandy,Cotton,368.17374969562167,16.830371442392405,False,False,Sunny,124,2.0049482908440512
South,Loam,Rice,171.6841536632533,32.896553089443955,True,True,Sunny,79,3.59505953961722
South,Peaty,Soybean,863.8935434555734,32.404019368783494,False,True,Rainy,139,6.845932989474628
West,Sandy,Soybean,915.0169266291766,38.67649613133899,False,True,Rainy,77,6.915795228998764
West,Silt,Maize,701.8111287751277,39.65561701763575,True,True,Sunny,112,6.521697812288896
South,Chalky,Cotton,190.82611885806529,35.35406300840853,True,True,Cloudy,138,4.21514793134679
South,Silt,Maize,250.44611417515463,30.39191286112004,True,True,Sunny,67,4.740887626603885
East,Loam,Rice,865.2280429705622,37.51632093279231,True,True,Rainy,94,7.908864844156974
North,Sandy,Maize,995.9022714819504,34.98590669028621,False,False,Rainy,126,5.161906859238882
West,Silt,Rice,607.0618475654942,36.72926082865421,True,False,Sunny,99,5.189166958806484
North,Chalky,Soybean,994.2889208920813,22.083064325831124,False,False,Cloudy,67,5.500025730262536
North,Clay,Barley,991.656677597356,22.96724205398324,True,True,Sunny,61,8.537460847147765
East,Clay,Rice,901.6175480769944,30.897699238456863,False,True,Rainy,96,6.769161491908861
East,Loam,Rice,196.1875575235324,37.17458163248379,False,False,Sunny,60,1.556923434115704
East,Chalky,Wheat,454.9760705023072,23.16874741167981,False,True,Rainy,94,3.342706648091595
North,Sandy,Rice,627.4821131928451,39.75614711256794,False,True,Sunny,145,4.493133153434696
East,Silt,Wheat,599.9428754873459,30.665436740059384,True,False,Cloudy,103,6.210576290920935
West,Silt,Barley,517.4477130762328,25.22906393120687,False,True,Rainy,126,4.211685912442388
East,Chalky,Barley,656.2999930444176,25.841113652750124,True,True,Rainy,80,5.911300366177729
North,Chalky,Barley,773.82705164729,38.02896017587575,False,False,Rainy,134,3.944757688304073
East,Peaty,Cotton,823.9965421999257,37.94683509125053,False,True,Cloudy,126,5.77092862145363
West,Chalky,Rice,123.09614612583526,19.78423187936472,True,False,Cloudy,123,2.432576659128444
South,Chalky,Cotton,161.49493755380328,17.666831260956194,False,True,Sunny,75,1.6588532255802226
South,Sandy,Cotton,715.5369256696047,18.468132817784696,True,False,Rainy,124,4.639901568558733
East,Chalky,Maize,427.8980324322391,28.55850858621045,True,True,Rainy,98,5.655788809926526
West,Silt,Barley,137.11197957995375,20.063419115592616,True,False,Sunny,132,1.9941413005948296
West,Loam,Wheat,506.8525407752401,21.70698355411712,False,False,Cloudy,119,3.3662485653694323
North,Clay,Rice,352.70792909029694,32.315906932877,False,False,Sunny,121,3.3592343427968983
North,Loam,Wheat,772.2545515423732,33.11182631754819,True,False,Sunny,69,6.408470180127873
East,Chalky,Barley,664.9874355060778,35.522887742161856,False,True,Sunny,115,4.405375629723384
East,Peaty,Barley,448.5475674383515,24.78677757280825,True,True,Rainy,111,5.149650615691737
East,Peaty,Maize,459.35587637844543,29.17308587162417,False,True,Cloudy,144,4.421942481714628
South,Clay,Cotton,651.8957561079275,34.15114242230872,True,False,Sunny,108,5.149321125503629
East,Chalky,Wheat,206.4709717877533,22.43512849358333,True,True,Rainy,104,3.549631251995846
North,Clay,Rice,202.18241183852345,34.81554289784919,False,True,Sunny,144,2.985944889797301
West,Silt,Cotton,401.8616707896443,17.987545061057478,False,False,Cloudy,89,1.6735087612305013
North,Peaty,Cotton,559.3623919310844,21.585160981739683,False,False,Cloudy,64,3.3758858959814355
North,Loam,Barley,920.7997715694008,34.58345551289595,True,True,Cloudy,96,8.728397526215568
East,Clay,Wheat,804.0225826998702,39.71415923068204,False,True,Cloudy,64,7.21640819695285
West,Chalky,Soybean,160.39289056071544,35.25791235136403,True,False,Rainy,136,2.895064741263846
East,Silt,Wheat,135.67538322923775,23.532943169553835,True,False,Sunny,147,3.148166247005203
South,Silt,Cotton,343.82030726110764,22.132686603599662,True,False,Cloudy,70,3.53428069573334
South,Silt,Maize,944.2695027585476,28.967034832800586,True,False,Cloudy,70,7.0951991032331625
South,Chalky,Rice,118.34895973537436,31.52718628880524,True,False,Cloudy,107,1.780167605961826
North,Loam,Maize,705.1879184432283,26.87649472138446,False,False,Rainy,106,4.012006480314176
North,Peaty,Barley,476.4920728429405,30.09906756398554,True,False,Sunny,74,4.205183429996331
North,Sandy,Soybean,635.5395645570757,32.577661106040544,True,True,Cloudy,106,6.079267770352537
North,Peaty,Wheat,257.909176643553,35.5575244074529,False,False,Rainy,96,1.7148051173087413
North,Peaty,Wheat,284.5380037750612,33.09800795612358,False,True,Sunny,127,2.8793978353886134
South,Clay,Cotton,736.5999295127348,17.343282082382835,True,False,Cloudy,84,6.102411802194539
South,Peaty,Barley,373.8315765356177,28.24511796751459,False,True,Cloudy,140,3.28769348161495
North,Loam,Cotton,199.38952378576815,32.53936892079213,True,False,Sunny,138,3.385215969405305
West,Clay,Rice,446.0220404241217,24.155426747195545,False,True,Sunny,136,4.489555725597327
East,Sandy,Barley,608.548296633447,34.48907629384249,True,False,Sunny,140,5.0554040237298725
East,Silt,Rice,858.6994148432645,31.173180628929167,True,True,Rainy,117,7.720820295917606
South,Loam,Cotton,301.2908905186654,17.40804810092855,False,False,Cloudy,81,1.0596288471916118
South,Chalky,Cotton,949.2722749398278,16.749516622309777,True,False,Rainy,134,6.269644130796595
East,Peaty,Barley,114.3856274444758,15.623844931229062,True,True,Rainy,107,3.981260081706512
West,Loam,Soybean,486.38663896232765,33.139620028282515,False,True,Sunny,149,4.319338736477801
West,Clay,Rice,272.3785216345585,15.019921253004457,False,False,Cloudy,149,1.7454429246379033
North,Clay,Barley,646.976821216321,25.55379657869026,True,False,Cloudy,141,5.027303574448982
South,Peaty,Rice,728.3916160737555,18.80221766414165,True,True,Sunny,110,5.98986159540223
South,Silt,Cotton,390.3382168371615,19.4247714920104,False,False,Cloudy,123,1.4390688834258616
West,Chalky,Wheat,567.2677558820714,21.80788817272049,False,True,Rainy,71,4.539609927755104
North,Silt,Barley,298.34438518374174,31.30434280665119,False,True,Cloudy,64,2.493477444339782
South,Silt,Cotton,392.3281462149935,22.687562672257567,True,True,Rainy,141,4.346670370535874
North,Peaty,Barley,400.3712405845913,34.60122484811268,True,False,Cloudy,118,4.258129738305766
East,Sandy,Cotton,595.824731192735,29.12374008908897,True,False,Sunny,139,5.209295158703112
North,Loam,Maize,312.06248112496684,26.708139644162078,True,True,Sunny,96,4.70880436733362
South,Sandy,Cotton,329.0056425331832,32.893955049425216,True,False,Sunny,84,3.4463531817584903
West,Loam,Rice,976.5445108256544,33.82624019647023,False,True,Cloudy,86,5.65680226424099
East,Clay,Barley,663.2229250482802,25.13914267118063,False,False,Rainy,73,3.341223730432416
South,Sandy,Barley,540.4969575322566,24.941465521850358,False,False,Rainy,119,3.248361795102949
North,Chalky,Soybean,847.4285999306334,15.267403459444791,True,False,Rainy,131,5.990546683821544
South,Clay,Soybean,535.0908900684184,31.273360777104724,True,True,Sunny,80,6.954325524025149
South,Loam,Rice,565.6326238519887,17.414323700690698,True,True,Rainy,109,5.283771604487994
West,Chalky,Soybean,281.666126019296,16.46617376351396,True,False,Rainy,109,3.6377713525856055
East,Loam,Rice,201.556898690962,35.797493827718924,True,True,Rainy,61,4.686792134180838
East,Sandy,Rice,797.5218007498622,39.654805270089554,False,False,Sunny,76,3.537975134096377
East,Loam,Barley,837.2513874866839,27.98270031037292,False,True,Cloudy,145,5.886317747270176
South,Silt,Barley,679.7159993158324,33.475705944608464,False,False,Cloudy,93,3.342723393526415
East,Chalky,Barley,317.97304558915584,16.553575507660838,False,True,Cloudy,133,1.6381218407110558
North,Chalky,Rice,393.3820889504413,28.188463382262725,True,True,Rainy,116,4.812075009753803
South,Chalky,Barley,265.87173541868924,29.503111681309637,False,True,Rainy,143,2.9813067426896662
West,Chalky,Barley,718.5006725574734,34.5479245329372,True,True,Sunny,67,7.857258056142403
East,Loam,Maize,639.9765865210866,38.164313439576496,False,True,Cloudy,90,4.756808142622929
East,Sandy,Cotton,538.0198043214114,32.009171768979286,True,False,Sunny,79,4.540124405699416
North,Silt,Rice,416.9887757951564,28.825298900805805,False,True,Cloudy,97,4.015358193420523
West,Chalky,Maize,900.1058051776861,19.386284912339924,True,False,Rainy,124,5.762001627601473
North,Silt,Cotton,140.6125880258003,32.369390878914935,False,True,Cloudy,73,2.003129822791436
South,Silt,Soybean,149.49515893319074,17.414069015220544,False,False,Rainy,93,0.490785768586457
North,Peaty,Soybean,863.987919237726,39.88180275111071,True,False,Cloudy,103,7.296787900289861
North,Loam,Barley,905.0589524407884,35.5594611018038,False,True,Sunny,111,5.218299782726087
West,Chalky,Soybean,335.5366640118225,37.65781426904434,False,True,Cloudy,76,4.059321641458026
South,Peaty,Wheat,492.3122252756856,19.002538372229715,False,True,Sunny,85,4.033356471263922
North,Loam,Soybean,422.1883858220239,18.36944993223377,False,True,Sunny,80,4.571057955497864
East,Peaty,Cotton,708.4484192261245,38.33300464866497,False,False,Cloudy,75,3.713387212173992
South,Peaty,Barley,452.9842852585694,32.81106189435636,True,False,Sunny,124,4.252508361471982
North,Chalky,Cotton,456.0851095205461,38.09348919413086,True,False,Rainy,73,4.945849860087141
South,Loam,Soybean,764.5679183591086,17.693074827682636,True,True,Sunny,144,7.454557732461166
South,Clay,Wheat,422.6218059494517,22.073238160829707,True,True,Sunny,106,5.26315754421277
South,Silt,Wheat,603.5815147701134,17.611669869891035,False,False,Cloudy,60,2.9762470435017367
South,Sandy,Maize,655.5247809074773,16.3058065890286,True,False,Sunny,101,5.401321294009836
South,Clay,Barley,477.1576215745076,37.5896327243364,False,False,Rainy,93,2.670017074493692
East,Chalky,Maize,837.865692655798,23.351554721700477,False,True,Sunny,76,6.171412564848184
North,Peaty,Rice,993.0877305611216,25.578402138376724,False,True,Rainy,85,7.2475254864971985
North,Sandy,Maize,767.2368830865227,23.60260828364152,False,True,Sunny,133,5.527569447275173
East,Chalky,Rice,529.3420875255795,15.62636746547887,True,False,Rainy,91,3.720758865740135
South,Silt,Barley,520.9378074013706,26.89375601332277,True,True,Rainy,92,5.61646019935278
East,Peaty,Cotton,329.589793454095,15.840926968856936,False,True,Rainy,108,2.904641532510853
East,Clay,Maize,835.8431485532024,31.74351222020534,False,False,Rainy,63,4.978253849107079
West,Chalky,Wheat,358.88079998093093,20.955781260377847,False,False,Rainy,64,2.714575077463929
South,Sandy,Barley,831.5184093899825,15.21653734348748,True,True,Sunny,126,7.643163679332682
South,Loam,Rice,728.967838227445,37.80098938408817,True,False,Rainy,72,6.34826584979318
South,Loam,Maize,710.8071930582486,15.076510583563508,True,True,Rainy,102,6.643643604339673
North,Clay,Cotton,501.2552428962942,18.39363047445655,False,True,Cloudy,127,4.036147054066948
East,Chalky,Wheat,984.1624315123022,30.5131281555213,False,True,Rainy,124,6.196428808793428
South,Silt,Barley,565.133722101069,35.17926731720178,False,False,Sunny,73,4.025816613485016
South,Loam,Cotton,192.779420678378,24.684799999352855,True,False,Cloudy,77,2.9159813064220867
West,Loam,Barley,424.4686909623743,22.90232539181881,True,True,Sunny,115,5.367445617154285
South,Peaty,Cotton,110.85982878739252,18.83298793671408,True,True,Cloudy,88,4.790953543020985
East,Sandy,Rice,244.2706906947215,20.65090159259129,True,False,Sunny,81,2.448733325886858
East,Sandy,Wheat,159.93085309319991,33.02570193811318,True,True,Cloudy,125,4.2895075917285626
North,Chalky,Maize,471.0963628774925,26.77826268267844,False,True,Sunny,122,4.017130978644048
North,Clay,Barley,479.4589925150776,35.916208302857456,False,False,Sunny,114,2.112961046154565
West,Clay,Rice,577.6838283128528,28.79614793814697,True,True,Cloudy,117,6.071908800042805
East,Sandy,Barley,437.6241582813319,35.28897011615194,True,True,Rainy,122,5.6082688582132585
North,Clay,Barley,194.55146231272505,39.93088665861265,True,False,Rainy,69,3.0647827282256297
South,Chalky,Soybean,220.8852421091333,39.732819623826174,True,True,Cloudy,98,5.0141977795022745
South,Sandy,Wheat,458.2667576552984,37.82845907178578,True,True,Sunny,126,5.120552329847817
North,Peaty,Cotton,382.90491251781646,16.460138340955147,False,False,Rainy,124,1.1876449428262603
East,Sandy,Wheat,377.5995164863576,16.849492773267993,False,False,Sunny,85,2.164077744821012
West,Silt,Wheat,888.1683742473427,15.13124419909539,False,False,Sunny,70,4.797095568019426
West,Sandy,Soybean,805.1801994426461,24.634789363072684,True,True,Rainy,90,7.5965685529303375
South,Sandy,Rice,994.8145633436508,24.607908806917838,False,True,Cloudy,89,7.340131490501024
South,Chalky,Wheat,161.9660739694878,18.723395296324625,True,False,Cloudy,83,2.9767850198341685
West,Peaty,Soybean,986.722760872971,31.864029531978293,True,False,Sunny,121,7.076552004605824
West,Loam,Rice,450.2425162434362,27.627767164955856,False,True,Cloudy,83,3.927052160997376
South,Silt,Rice,984.3895260811404,38.50878961070487,True,True,Sunny,108,8.162749161387879
South,Chalky,Barley,678.3560911281749,31.322651494552836,True,True,Rainy,136,7.0707607644239365
East,Clay,Wheat,397.423221755667,18.347164086827892,True,True,Cloudy,92,6.147592279001456
South,Loam,Barley,283.9258186272304,25.14362546783439,True,True,Rainy,72,4.551233517917263
East,Silt,Soybean,119.88018313878428,20.38336051557557,True,True,Rainy,148,4.2498521937234175
East,Peaty,Rice,985.4348696609572,31.715795123504734,False,False,Sunny,119,4.57971882244693
South,Chalky,Barley,976.3047928922856,29.926564033335524,True,True,Rainy,111,8.212995410135274
North,Chalky,Maize,802.4503416552567,23.3721845776368,False,False,Cloudy,60,3.600383876123374
North,Chalky,Wheat,286.5542364525327,24.756981292261464,False,False,Rainy,115,2.0769756057624384
West,Sandy,Barley,301.4342817493822,15.621062452131376,True,False,Cloudy,117,3.1050074585664635
West,Sandy,Maize,384.6803412400928,28.45859613037924,True,True,Sunny,144,5.4930347214781845
East,Peaty,Barley,531.663612852421,28.26850494509905,False,True,Rainy,95,3.644225126067024
South,Clay,Cotton,760.5204737180849,19.94125156925149,True,True,Sunny,131,6.497114556259252
East,Chalky,Barley,890.3366927181224,28.5297067060202,False,True,Cloudy,70,6.846352473497086
North,Chalky,Barley,893.8590894645861,27.246361649968588,True,True,Rainy,69,7.641055451672
West,Clay,Soybean,461.7607590753609,25.50586822943552,True,True,Cloudy,103,5.909828786452237
South,Clay,Cotton,552.8582977031767,17.7634082120333,True,True,Rainy,148,6.448389754786369
South,Loam,Soybean,639.1817683488866,24.61300809077047,False,False,Cloudy,77,3.5480258337748256
East,Sandy,Maize,113.85862151287084,33.60052889542463,True,False,Rainy,126,3.2378010451522115
North,Sandy,Soybean,562.011419449285,34.772644529749904,False,False,Rainy,80,4.080696563522656
North,Clay,Soybean,950.29384770009,30.731202776167372,False,True,Sunny,119,7.382883129865356
North,Peaty,Maize,617.7004103511726,29.025882509804333,False,False,Cloudy,71,3.855623001375958
East,Sandy,Soybean,182.03414022129664,32.447722094514624,False,True,Rainy,124,2.0388622977937425
East,Sandy,Wheat,218.7134934297178,17.539420306319464,False,False,Cloudy,98,1.0321211186746315
East,Sandy,Wheat,743.1057342734522,27.79757934011494,False,False,Sunny,118,4.093043852135548
West,Clay,Barley,492.0095708476129,28.284009855782145,True,True,Rainy,65,6.735484844053136
South,Chalky,Maize,195.44757971032237,19.823724306875985,False,False,Cloudy,102,1.5564748076291006
East,Peaty,Soybean,296.99638521344474,30.95899639975034,False,True,Rainy,128,3.347426198113967
South,Silt,Rice,320.6860060300106,17.7660505255316,False,True,Cloudy,65,4.363347978926813
North,Chalky,Maize,179.7307399248995,20.40132320906695,True,False,Rainy,105,2.153791746432981
West,Chalky,Barley,772.0617863838133,25.099287211103054,True,False,Cloudy,108,6.424807952086336
East,Chalky,Wheat,700.924760886926,22.2410769290052,False,False,Rainy,134,2.866809701362208
North,Loam,Wheat,142.45685756162638,37.334299483857095,False,True,Cloudy,87,3.4446053782690167
West,Chalky,Rice,713.4531586468391,28.163952836009575,True,True,Rainy,146,6.757539839470119
West,Sandy,Barley,139.14025812802788,23.381133086020057,False,False,Rainy,116,1.2178558591302953
North,Sandy,Barley,254.0217715591509,37.231907495240506,True,False,Cloudy,112,4.079525435044897
North,Clay,Rice,352.8152526028577,37.69273058211327,False,True,Cloudy,134,3.833876377480258
East,Peaty,Cotton,323.8454768742577,21.32127737959574,True,False,Sunny,112,2.9205865340640487
North,Silt,Maize,920.7600031733832,22.72324078124608,True,False,Rainy,90,6.355675776219556
North,Peaty,Wheat,691.5609421057706,33.5100381935418,False,False,Sunny,134,5.051118553880412
South,Loam,Soybean,299.9905321928926,31.072105511015355,True,False,Rainy,124,4.028746671410865
South,Peaty,Cotton,109.50719152165075,18.1838470941602,False,False,Sunny,114,0.602507996360197
North,Silt,Wheat,767.4260343883401,16.535369892121736,False,False,Rainy,148,3.999396620185205
North,Sandy,Soybean,185.41381840374495,29.253058623230245,True,False,Sunny,75,2.779488784850929
West,Loam,Soybean,835.8137525938363,15.27868553985975,False,False,Cloudy,60,4.505176550341515
West,Clay,Cotton,177.7960841863029,30.786748197660597,True,False,Sunny,121,2.832375674297724
East,Silt,Soybean,179.99810453922976,17.083474331003433,True,True,Sunny,60,4.430657014462619
East,Sandy,Maize,448.0374236347541,16.45965822855362,True,True,Sunny,129,5.032362101221718
North,Silt,Cotton,399.2269200395214,31.861099373306367,True,False,Cloudy,89,3.522323984911804
South,Clay,Wheat,207.9254382802371,32.810963972062126,False,True,Sunny,143,3.0076094426744704
West,Sandy,Rice,641.5320221421406,30.84420391781932,True,False,Sunny,123,5.435613032670139
North,Peaty,Soybean,643.0869572680705,23.59170934374688,False,True,Sunny,146,5.152679345870625
North,Loam,Barley,184.7939848470017,27.379429724228597,True,False,Rainy,142,3.03529707460522
North,Chalky,Soybean,678.0745039854443,15.55268399857188,True,False,Rainy,141,4.850375419012009
West,Loam,Barley,676.8531020178496,17.55747712963965,False,False,Rainy,145,3.8606382941253417
South,Peaty,Cotton,525.8894929802555,32.80433198024299,True,True,Rainy,137,5.477770783475339
North,Loam,Rice,521.7529560473976,34.31232494293092,False,True,Rainy,107,4.710853700113782
West,Peaty,Maize,568.6406316144846,23.01044693489472,True,False,Rainy,117,4.845416151507348
South,Peaty,Soybean,236.56331575007212,29.67014153924861,True,True,Rainy,65,5.064269768926751
West,Loam,Cotton,163.61991681019347,24.37962031572665,False,True,Rainy,113,3.074311177002474
North,Silt,Cotton,112.5074039059457,38.89988816409371,True,True,Rainy,119,4.030489623885851
South,Silt,Wheat,133.8177123706289,20.80200386777144,False,True,Cloudy,145,2.3166138831348557
North,Silt,Barley,131.6658235773929,19.21792752612935,True,True,Sunny,82,4.628727801599745
West,Sandy,Cotton,558.8105899291422,38.209297426445765,False,True,Sunny,135,4.7191072369028095
West,Chalky,Maize,907.4649877563672,29.18775805879136,False,True,Sunny,66,6.507652891211228
West,Peaty,Maize,901.0086499953612,36.87387059337122,False,True,Cloudy,114,6.712062791780772
West,Sandy,Maize,890.2024107969435,37.3012505097532,False,True,Rainy,136,6.028047329080016
South,Clay,Maize,556.4971978540525,24.431348951481592,True,True,Cloudy,90,6.094092112717425
South,Chalky,Barley,792.0004174539423,25.164475747206332,True,False,Rainy,130,7.145876346112355
East,Sandy,Maize,815.5238340787464,21.407522245045385,False,True,Rainy,111,6.043963805154526
East,Clay,Rice,904.5731948337344,20.170239963868504,True,True,Cloudy,109,7.352800901350248
West,Chalky,Rice,973.1156393021142,31.2543096054882,False,True,Sunny,111,7.083453544107887
East,Peaty,Rice,377.117881805382,19.4501868112612,True,True,Sunny,143,4.808519454348132
East,Clay,Barley,121.97764841742344,17.08362761537068,False,True,Rainy,110,1.905336676559263
North,Peaty,Rice,310.6599811125346,34.46765907912472,True,True,Cloudy,99,5.360809342826348
West,Loam,Rice,112.01752000064933,27.08111088232892,False,False,Rainy,66,1.1753056586617847
South,Loam,Barley,351.98497666514817,22.039876589930188,True,False,Cloudy,93,3.3343000366986
South,Chalky,Maize,382.6751670594501,39.94823282735932,False,False,Cloudy,92,2.598740913889735
South,Clay,Rice,510.60928691513146,23.133368843763414,False,False,Sunny,97,2.953786532646828
North,Silt,Wheat,636.2730874920226,31.875147584872277,False,True,Sunny,84,5.005922406412376
South,Silt,Barley,186.6598155834747,19.79096041645452,True,True,Cloudy,106,3.656542769358696
South,Sandy,Maize,847.8390560536134,37.25689104672605,True,False,Sunny,98,5.944869821091208
East,Peaty,Cotton,403.1951711840665,20.23955135505167,True,True,Rainy,138,5.339879470712405
West,Silt,Barley,757.8540092058885,35.39839180068982,True,True,Cloudy,117,7.208028067238243
East,Peaty,Maize,911.0832097283636,19.57539185805473,False,True,Rainy,142,6.354039558481018
West,Chalky,Maize,292.20591047516604,34.93986826331741,True,True,Sunny,131,4.174381360537696
West,Silt,Barley,145.0788808731457,39.54910983752107,False,False,Cloudy,98,1.7603121341213703
North,Loam,Rice,853.8126168523246,30.813907786715266,True,False,Sunny,129,7.666849362353938
East,Loam,Wheat,484.7544407878044,28.30412881608429,True,False,Sunny,68,4.737642307385994
South,Peaty,Wheat,976.1365481769832,25.078427544606377,True,False,Sunny,77,6.504731173658635
West,Sandy,Wheat,560.0007661304187,29.41328649674105,True,False,Cloudy,68,4.911166709792973
West,Silt,Soybean,193.62671292218212,15.231410771908552,False,False,Rainy,114,0.5348071189467279
East,Clay,Cotton,810.4234246170669,39.01013052380585,True,False,Sunny,144,6.953320211364714
North,Sandy,Maize,638.2946294723035,39.53705440457994,False,False,Cloudy,77,3.546498884583653
West,Chalky,Soybean,113.58781574367067,18.700185993925057,True,True,Sunny,86,4.905544575373762
West,Chalky,Barley,568.5199047122181,34.834427478079334,False,True,Cloudy,93,5.1979869664473926
South,Clay,Rice,138.79687424633158,36.75687583964282,True,False,Cloudy,126,2.2793651430388646
North,Sandy,Cotton,884.8914341677806,27.567306637196964,False,True,Rainy,121,6.365878289707443
North,Sandy,Cotton,795.0374410875582,31.51196090088178,True,False,Sunny,103,6.093378948761539
North,Silt,Barley,867.3644208107777,26.843496010507632,False,False,Rainy,84,4.823417958465894
East,Loam,Maize,730.3847354129974,30.924735778764628,True,False,Cloudy,123,5.818246294787801
South,Loam,Cotton,410.908132136548,16.131423210089846,False,True,Sunny,133,4.531947395086964
South,Sandy,Barley,227.3647484499046,36.18047707328013,False,True,Rainy,129,2.3327931879060304
West,Clay,Cotton,939.90435052159,16.927243796951434,True,True,Cloudy,71,7.913387889129809
East,Sandy,Cotton,649.8411809346824,25.243489496543063,True,True,Cloudy,91,6.377198471929238
North,Silt,Rice,531.3873945337393,20.368033808128324,True,False,Sunny,100,4.238919278109408
North,Chalky,Barley,758.2896839623535,20.98365196151192,False,True,Cloudy,128,5.931066822708928
South,Chalky,Wheat,591.9170504565666,38.65055442908377,True,True,Sunny,74,6.0329057119151965
South,Chalky,Barley,100.4331077092041,22.36485659998545,False,True,Cloudy,121,1.8334046761565717
East,Chalky,Maize,332.20213832399395,35.33191026819924,False,False,Cloudy,62,2.151902328967884
North,Clay,Cotton,149.76246078856056,23.74677704180449,False,False,Sunny,85,0.0524303114624737
East,Loam,Cotton,419.7324770122201,24.240038197425065,False,True,Cloudy,115,5.235365151452353
North,Loam,Rice,883.1997678340815,26.019111776647264,False,False,Cloudy,112,4.375980947254105
North,Clay,Maize,356.3533277969552,38.69921197167477,True,False,Sunny,107,3.505359311736769
North,Clay,Maize,674.1585035598424,29.17843140771368,True,False,Rainy,113,5.46048650712084
North,Sandy,Barley,478.20121391535776,27.450748073711903,True,False,Sunny,135,4.353256500665937
West,Clay,Maize,975.9494843237092,25.362138885755275,True,True,Sunny,119,8.583516536232324
North,Sandy,Soybean,967.1456564397432,28.257032724038694,True,False,Cloudy,75,7.02190023210521
West,Chalky,Barley,662.7611198637547,37.712517307989216,True,True,Rainy,60,5.937257126834512
South,Silt,Cotton,659.1928120602792,33.17809522820491,True,False,Sunny,134,3.925943464864276
West,Silt,Wheat,492.4136815195628,39.713769960286015,False,True,Sunny,128,3.9735308354486447
North,Chalky,Cotton,168.1042240669534,38.845795793687486,False,False,Sunny,87,1.1468594555604796
West,Peaty,Cotton,934.57949382603,36.71337724855044,False,False,Cloudy,148,5.220089742179941
West,Loam,Barley,556.3363939209062,25.775210448396532,False,False,Rainy,71,3.44357395684217
West,Clay,Soybean,846.3926584129807,29.666872902996985,False,False,Cloudy,124,4.626222242252731
East,Silt,Soybean,262.7257159772724,25.87112591578365,True,False,Rainy,89,3.192800277689884
East,Clay,Barley,807.0316483540378,20.584895152538028,False,False,Rainy,88,3.5419108605719307
South,Clay,Wheat,652.9045579405699,18.495745014483354,True,True,Cloudy,124,6.408761429174517
East,Peaty,Maize,854.2517599063157,24.166971643418982,True,True,Rainy,63,7.420355088953348
West,Sandy,Maize,749.3027647452091,28.867640701681445,False,True,Sunny,93,5.073777228241991
West,Silt,Barley,386.4735000376842,25.351290169206944,False,False,Sunny,67,2.725093003288037
South,Chalky,Maize,362.159582890227,37.880886213963215,False,True,Rainy,143,2.388900717258568
West,Chalky,Soybean,399.2866056004255,28.65196958379757,True,False,Cloudy,96,4.592795322540148
South,Silt,Rice,378.7554733828285,33.02434191911559,True,True,Sunny,136,5.218530179390898
West,Peaty,Wheat,701.9669170847695,19.95426585756349,False,False,Cloudy,81,4.174712431603362
North,Loam,Soybean,759.6083477633065,26.532305017284656,False,True,Sunny,86,5.55471802617845
North,Loam,Maize,666.3719867216897,18.493509906101703,False,True,Cloudy,134,4.607660676499044
West,Chalky,Wheat,457.9001156293609,15.88345859911361,False,True,Cloudy,120,3.653876772832112
East,Sandy,Barley,789.6383271680454,28.835818122871157,True,False,Sunny,130,6.044308122774129
West,Clay,Maize,467.2291738230927,16.758997113626513,False,False,Sunny,125,2.764013941479254
East,Clay,Rice,990.634953110486,15.973136577016572,False,False,Sunny,119,5.332481125154454
North,Silt,Maize,900.9556660180588,21.708210876927595,False,True,Sunny,137,6.390694205782581
North,Silt,Barley,656.6358444735907,38.58888017462893,True,True,Rainy,89,6.551910264451098
South,Peaty,Cotton,954.9256395288292,22.99960622385873,False,False,Cloudy,95,4.615037175703172
West,Loam,Maize,332.2577641789487,24.44594554101742,True,True,Cloudy,89,4.989410186275099
North,Peaty,Maize,465.0273765032528,35.94774999865671,False,False,Sunny,63,2.293372051538567
North,Peaty,Maize,447.6791882903812,37.49792851736808,False,True,Rainy,107,4.893872458358198
West,Silt,Cotton,704.5340454421978,33.63924811446854,True,True,Cloudy,145,6.370082267071262
East,Clay,Cotton,751.7956390647754,25.257563816936468,True,True,Sunny,85,7.234505797579889
East,Silt,Wheat,685.1296447099977,30.607783282388457,True,True,Sunny,116,7.101536455115641
North,Peaty,Cotton,727.5243968279765,19.40576534507129,True,True,Sunny,125,6.428120762962429
North,Peaty,Rice,378.4939439690602,31.84869080684065,False,True,Cloudy,132,3.564226765836152
North,Loam,Wheat,438.76574289305904,24.602351487644327,True,True,Rainy,92,4.897085672274665
East,Peaty,Maize,647.2885715705861,27.3668503076425,False,True,Cloudy,146,4.809780138128733
North,Chalky,Barley,101.00565251349842,37.47851363539677,True,False,Cloudy,64,2.698117525274596
West,Sandy,Cotton,631.601710229896,23.65018820685249,True,True,Sunny,83,6.209329674971089
North,Loam,Maize,372.3423990651986,18.666675981431972,True,False,Rainy,93,4.204928004578484
North,Peaty,Rice,414.4061076618157,19.13909764942024,True,False,Sunny,120,4.0435256556022665
East,Loam,Maize,123.63320713435122,20.14206636267847,False,False,Sunny,113,-0.1587453724823009
East,Loam,Maize,309.17402325091354,39.39656492124492,False,False,Rainy,79,2.478127389223215
East,Chalky,Soybean,255.91136756043431,26.389253502447787,True,False,Sunny,142,3.82304232697036
North,Silt,Wheat,263.96264610766696,21.245577231766067,False,True,Rainy,116,2.838919825815017
East,Peaty,Soybean,891.7053241535044,32.40039568305112,False,True,Sunny,111,5.891382926964528
East,Clay,Soybean,592.4477527684327,36.439572082039895,True,False,Sunny,87,5.479357650239019
South,Sandy,Cotton,610.6336560171062,20.9807259688837,False,False,Sunny,66,4.036051683499073
West,Loam,Maize,468.1634110541976,24.4433342336496,True,True,Sunny,102,5.008099733426
West,Silt,Soybean,294.4110455505632,34.335530084030175,False,False,Rainy,104,1.7304453647919145
West,Chalky,Barley,145.48765566811133,28.96520568306652,False,True,Sunny,93,2.813827311372802
East,Clay,Soybean,584.8167396744199,19.496551314529224,True,False,Cloudy,78,4.553628338361916
South,Sandy,Soybean,314.8554173735446,38.506336498830095,True,True,Cloudy,124,4.699927723565406
East,Sandy,Maize,882.7847560933598,21.84452489518595,True,False,Cloudy,123,6.463814292913301
East,Chalky,Soybean,341.2490352469714,32.37499426548912,True,False,Cloudy,102,3.952017146109237
North,Peaty,Wheat,976.8360136420066,37.36869375054303,True,True,Cloudy,139,8.600540189692971
East,Chalky,Rice,863.2642646588441,22.04032135231533,False,False,Sunny,142,4.307650572575677
South,Silt,Barley,392.729007452889,26.75762864569124,False,True,Cloudy,107,4.015629339958167
West,Clay,Wheat,707.5647424415115,15.275687426275336,True,False,Rainy,75,5.579180503840856
South,Peaty,Barley,681.6271366452207,36.45593254511528,True,True,Cloudy,71,6.8065108254434925
South,Loam,Wheat,313.5115212312575,28.31032861550984,False,False,Cloudy,143,1.467687067112873
South,Chalky,Cotton,626.3497612748631,31.077178615979587,False,False,Cloudy,86,3.9955527264365
South,Clay,Wheat,697.9373211437968,24.8294883641414,False,False,Sunny,95,3.982762124431909
North,Silt,Wheat,169.2294398786606,35.63709805723609,False,False,Cloudy,111,2.0468478005179493
North,Sandy,Cotton,507.2124954804886,38.06662856246302,False,False,Sunny,80,3.9237573070183194
South,Clay,Rice,370.74586127522497,37.370491880786986,False,True,Rainy,113,2.9638120268346158
North,Silt,Barley,995.0967638914595,20.77674527144896,True,False,Cloudy,144,6.085879516444513
North,Clay,Soybean,649.0723904742707,22.980935574225803,False,False,Cloudy,94,4.6239339402707405
South,Silt,Soybean,386.38459470319856,23.000960389025657,True,False,Rainy,80,3.1944413165494256
West,Silt,Wheat,712.0380410609841,24.253972705345483,True,False,Rainy,82,5.288190688487068
South,Sandy,Soybean,472.4068340664206,24.511873429480747,False,False,Cloudy,139,2.061961260604156
North,Silt,Barley,291.45281244048874,28.683963680769423,False,True,Rainy,73,2.6725806852915674
East,Chalky,Rice,650.044517421962,24.825914413424783,False,True,Cloudy,105,4.29519630084261
West,Silt,Barley,231.24696705427,38.1491860157025,False,False,Cloudy,89,2.347930225253807
South,Clay,Cotton,932.9967282920778,20.49379753544417,True,False,Sunny,120,7.243122118751673
East,Clay,Cotton,698.4721368521091,16.448480283188804,False,True,Sunny,64,4.771570221891843
North,Loam,Barley,356.3478624752949,36.70660937157555,True,True,Rainy,68,5.309596728121047
East,Silt,Barley,524.8212438847956,30.01374519992696,True,False,Sunny,106,5.58693539697124
South,Sandy,Cotton,877.1433401371131,18.50521554081413,False,False,Rainy,101,5.174776616234758
North,Clay,Rice,841.946217221927,22.1795997932271,False,False,Rainy,107,4.371905496313684
South,Sandy,Wheat,954.5874756649622,17.38236965193983,True,True,Cloudy,137,7.939590038501119
West,Peaty,Barley,466.5796894062733,17.80847651059355,False,False,Cloudy,60,2.28871999725298
West,Loam,Maize,451.6138435463967,22.836092548864904,False,True,Sunny,114,4.639431165503265
West,Loam,Cotton,921.12281971536,39.7344972186018,True,True,Sunny,72,7.65660655163115
East,Sandy,Maize,324.2713194674395,39.09235292281575,False,True,Cloudy,120,3.653370993075308
North,Loam,Barley,894.5192010837824,18.17497335042049,True,True,Rainy,128,8.185373977036631
East,Peaty,Soybean,511.5571091483545,37.07218534068349,False,False,Rainy,99,2.8103865826401235
West,Clay,Maize,910.7211572484076,32.639190307317975,True,True,Cloudy,133,7.7022443024813745
North,Silt,Cotton,225.5686887598989,23.521224059447636,True,False,Sunny,102,4.047507322345633
West,Loam,Cotton,639.6714796335511,31.61396983533422,False,True,Sunny,81,5.20953395593298
West,Sandy,Barley,609.6508511818133,19.008582683692445,True,False,Rainy,91,4.501078257120984
East,Chalky,Rice,814.623885764846,18.24646675784024,True,False,Cloudy,117,4.721616628607009
West,Chalky,Barley,621.9691721021026,19.28138715993917,True,True,Rainy,145,6.80603672409483
North,Silt,Maize,736.1796133140945,27.943639483801245,False,False,Cloudy,100,4.545957379308213
South,Silt,Barley,861.9921679846723,30.30537542234005,False,False,Rainy,78,5.066723707018046
East,Chalky,Rice,415.3352517468769,30.43991265660194,True,False,Cloudy,98,4.31289311739242
South,Sandy,Barley,643.7857950801884,39.48630198132635,True,True,Cloudy,99,5.662448556865799
North,Sandy,Maize,522.4626269764344,38.9659751415775,False,False,Rainy,67,2.9549528250582777
West,Peaty,Rice,382.5755195666547,17.24764539971521,True,True,Cloudy,107,4.681955161514078
South,Peaty,Barley,274.7621505900737,37.32226763937452,True,False,Cloudy,128,4.183433862021667
South,Clay,Wheat,101.7915714006882,18.740737641272005,False,True,Cloudy,132,2.043251109170153
South,Chalky,Cotton,443.2968475763975,17.37748072758052,False,True,Rainy,103,3.865658634947683
South,Clay,Rice,370.4961451927694,38.27519430720818,True,False,Rainy,69,3.950974690568012
South,Silt,Cotton,435.2678196971305,32.18760303817935,True,False,Sunny,66,4.4695472508486604
South,Clay,Barley,901.3644117540114,25.04309076916239,True,True,Cloudy,118,7.579616473527161
West,Peaty,Rice,942.9296724459136,15.26918919234966,True,True,Cloudy,73,6.754652908970023
East,Silt,Barley,880.0197724474165,38.758099658999086,False,True,Cloudy,107,6.865018128509229
West,Chalky,Cotton,443.0508804918807,22.8327905840989,False,True,Sunny,109,4.07028557807384
East,Peaty,Barley,608.2818091196402,17.970350205239626,True,False,Rainy,123,4.230821999403135
East,Loam,Maize,763.8414601825336,15.917220262003044,False,False,Sunny,141,3.750563209282313
East,Sandy,Barley,183.2460221482876,18.94133999854648,True,False,Sunny,90,2.519657843211651
East,Chalky,Maize,740.1325947884868,17.948580339440696,True,True,Rainy,64,7.230988538232782
East,Silt,Soybean,829.8288426875199,36.50132458240327,False,False,Cloudy,137,4.465047360232632
West,Sandy,Soybean,732.029091345877,36.43395778371409,True,False,Cloudy,147,6.252886852241902
West,Sandy,Wheat,536.4495192107242,23.758415845892337,True,True,Rainy,113,5.319395961718943
South,Sandy,Wheat,509.5420597966433,23.61090376176169,True,False,Rainy,103,4.615211509776615
North,Peaty,Maize,399.7728492270908,16.814298093203977,True,False,Rainy,137,3.992549559553917
West,Silt,Cotton,897.0245341583632,32.579122944141886,False,False,Cloudy,62,4.739744364718327
South,Loam,Cotton,121.58220477022148,31.515087353746225,True,False,Cloudy,135,2.285059175519542
South,Silt,Soybean,340.66549672688177,21.03358373234491,True,True,Rainy,104,4.28244000159316
South,Peaty,Maize,479.4720530909936,34.04818265132574,True,False,Rainy,127,4.338384598313855
South,Clay,Maize,157.38871699201212,21.638059599055467,True,True,Cloudy,96,5.151826885901932
South,Chalky,Soybean,782.0847359012823,30.288684920108835,True,True,Cloudy,112,6.768141954975246
East,Peaty,Soybean,763.6467776339158,21.74987260670193,True,True,Rainy,90,6.929475594962247
North,Peaty,Maize,734.7986859757224,34.05703973534747,True,True,Rainy,126,7.168731735234857
North,Clay,Soybean,614.3647766501065,21.15803733347729,False,True,Rainy,82,4.412012427023567
South,Chalky,Maize,943.6628917337894,28.535356389600253,False,True,Sunny,110,5.981274028641508
East,Clay,Barley,857.1680341026772,28.08350160492,False,True,Sunny,148,5.812177047087166
East,Peaty,Maize,101.42452479764655,36.68838596135667,False,False,Sunny,133,1.183018610379565
East,Silt,Rice,760.2521169452184,23.27235852498391,False,True,Sunny,125,5.926387534163668
South,Sandy,Barley,502.96520959987646,20.68413061648574,False,False,Cloudy,96,2.1293133030434483
West,Silt,Barley,693.9151839836501,19.769838480245117,False,True,Sunny,149,4.6747452502260325
South,Peaty,Barley,469.67063620531167,28.609705880737728,True,True,Sunny,74,4.967689081532336
East,Clay,Maize,100.34868091562087,24.684840368382723,False,False,Rainy,108,1.54302712834031
South,Peaty,Rice,283.2763756801569,24.447656487605407,False,True,Sunny,145,4.277972485793467
South,Loam,Barley,336.65146388217204,32.23827102414943,False,True,Rainy,72,4.461726124412452
East,Loam,Rice,146.1515310140733,29.22553066545117,False,False,Sunny,148,0.666907415919697
West,Sandy,Soybean,337.4620958670733,21.77967933175065,True,True,Sunny,117,5.277394804034209
South,Sandy,Maize,192.8419258367352,39.30298454340192,False,True,Cloudy,117,2.417469138691137
North,Silt,Barley,972.1790968700548,28.174948456334484,True,True,Sunny,130,8.366480185050525
West,Chalky,Rice,630.0724233905696,21.78613249528553,False,True,Cloudy,123,4.373945503751074
North,Silt,Soybean,813.8429136582652,39.18927186629122,False,False,Rainy,117,4.121253736869543
East,Sandy,Wheat,998.9415057593404,37.80269508867903,True,False,Rainy,136,6.926558271823864
South,Sandy,Maize,851.792487485914,24.462177410530845,True,False,Sunny,109,6.296499238739708
North,Clay,Rice,710.2933245884093,21.46615092113852,False,False,Rainy,133,3.736128848483936
South,Silt,Maize,340.00087409714934,39.06113802973808,False,True,Cloudy,98,4.39478814994059
West,Loam,Barley,614.5315813060963,23.953815202082737,False,True,Rainy,86,4.157199188455842
West,Loam,Wheat,268.1876121750895,18.95358427773683,False,False,Cloudy,130,1.9299480260292083
East,Loam,Soybean,759.8287304948698,37.21066701562073,True,False,Sunny,125,5.9480025924354685
East,Silt,Soybean,284.0015760428428,24.10706483274577,True,False,Cloudy,106,2.894141936074894
North,Peaty,Maize,769.7284936221603,32.369372109108525,False,True,Sunny,117,5.051495339512747
East,Loam,Maize,355.59532968945337,30.057075554770297,True,True,Cloudy,119,4.336564879057842
South,Sandy,Barley,368.7230123505187,32.57287182091821,True,True,Rainy,134,5.557372861570801
East,Peaty,Barley,728.8733986477552,36.04676551840596,False,True,Sunny,91,5.025546038681172
East,Peaty,Barley,324.4774480051637,15.583449173787084,False,False,Sunny,94,1.124781771573004
East,Peaty,Soybean,419.02679918448325,23.208222109162584,True,False,Cloudy,133,4.196414445018621
West,Loam,Soybean,205.3692431093553,30.85656397589394,True,True,Rainy,102,4.297920178016084
South,Sandy,Maize,643.5588681590226,25.529316066297064,True,False,Rainy,103,4.986125594519041
East,Silt,Soybean,217.21576794636263,34.57505970403699,False,False,Sunny,122,2.3872778281796223
South,Loam,Wheat,134.92403954789123,18.508585827176915,True,True,Rainy,147,3.8224465269397
North,Loam,Soybean,658.3070507354363,21.331359354642714,False,False,Sunny,90,3.1039066756040032
South,Loam,Barley,403.0081964792597,22.375397649379472,True,True,Rainy,84,5.342379356725688
East,Chalky,Maize,867.1448783228691,37.10362959098441,False,True,Rainy,106,6.270650355681694
East,Peaty,Barley,474.8690691348767,37.86919863677049,True,False,Rainy,72,4.41712156128919
East,Peaty,Wheat,173.92894329106807,17.921357465492665,True,True,Cloudy,140,3.980187553919981
West,Chalky,Maize,878.1341756941699,19.84660676088085,False,True,Cloudy,87,5.544091213612078
East,Silt,Barley,463.4564688328321,25.83785515940155,True,False,Sunny,128,4.284380689520998
West,Chalky,Rice,887.8538173786236,32.62002727107051,False,True,Cloudy,71,6.353916583397536
West,Chalky,Rice,997.6857056435396,22.925510993566547,False,False,Rainy,71,4.852296895410635
South,Sandy,Cotton,165.30739643155545,16.825542791004235,False,False,Rainy,120,0.9857793760490776
North,Silt,Cotton,961.4842218912664,35.070062929729964,False,False,Rainy,138,5.011747491623768
North,Sandy,Cotton,580.8329070977786,31.81135451191656,False,True,Cloudy,149,5.020734819222335
West,Peaty,Wheat,179.89870381588253,30.53817032057197,True,True,Rainy,63,3.9491570843218726
East,Sandy,Barley,959.1325467407604,28.137254564765406,False,True,Cloudy,118,6.377758028592336
North,Sandy,Cotton,441.8757556028125,15.63741908980327,True,False,Rainy,135,3.710284223230625
East,Clay,Barley,210.0694311330689,20.79595245089885,False,True,Rainy,92,3.2061032782170664
South,Loam,Barley,413.37184214583954,34.33010965334458,False,False,Rainy,118,2.5608322947093054
West,Chalky,Soybean,672.5965061625,19.69110771643896,True,False,Rainy,112,4.622308763812293
South,Chalky,Wheat,698.7743604498223,28.92676402967066,True,True,Sunny,85,7.083555837709624
West,Clay,Soybean,985.9073616006126,23.846594284020256,True,True,Cloudy,115,7.970758487170399
West,Clay,Barley,270.2097293051248,31.01044159355033,False,True,Rainy,102,2.023401308281054
South,Sandy,Soybean,957.5319872892674,33.68952513010997,False,False,Cloudy,146,4.479405713358626
North,Peaty,Cotton,708.9530911778246,24.3090514098074,True,False,Cloudy,143,5.905145804362656
South,Silt,Soybean,544.4657250677317,30.908008061100787,False,False,Sunny,86,3.1653688839567686
North,Peaty,Wheat,139.69869088271412,23.84634109722284,False,True,Rainy,60,2.457079958982584
South,Loam,Soybean,698.3082741497227,39.14438835491647,False,False,Sunny,119,3.70810107110452
South,Chalky,Barley,348.67270574721385,38.5991244874869,True,True,Rainy,131,4.033771554183379
East,Loam,Maize,593.4183491738613,32.58088269668456,False,False,Sunny,101,3.271158041871699
North,Peaty,Barley,342.47221033232904,21.468419801697166,True,False,Rainy,118,3.710138040439863
South,Peaty,Rice,808.3883218758828,21.987768321729163,True,False,Cloudy,86,6.611922720445777
West,Clay,Cotton,723.6372851488671,21.39401107280675,True,False,Rainy,107,6.456556433431427
North,Chalky,Barley,167.9575673446783,34.22545982954364,True,True,Cloudy,105,3.875644826720944
South,Sandy,Barley,108.61414104910568,31.862581053556337,True,True,Rainy,116,3.748476358336732
West,Silt,Wheat,655.4417516674341,25.24703468407024,False,False,Sunny,127,3.2633464707612747
South,Loam,Barley,581.2962283023303,26.159947040352645,True,False,Cloudy,60,5.584939843741248
South,Peaty,Barley,815.8203206391349,35.2021291118176,True,True,Cloudy,140,8.378916647086474
South,Silt,Rice,884.4367761863141,36.186090294666485,True,False,Rainy,79,6.234236560787466
West,Sandy,Soybean,758.8815832011494,18.346930604791226,False,True,Sunny,131,4.684971251728829
North,Clay,Soybean,392.3490248215482,24.22255828004653,False,False,Rainy,130,1.3781862358824275
West,Loam,Cotton,147.38647983416837,17.94592434858201,True,True,Rainy,101,3.838168518150016
South,Silt,Barley,937.326365655736,33.66297387031856,True,False,Rainy,145,6.6277144105709205
North,Loam,Soybean,545.3410902921441,24.667301540155503,True,False,Cloudy,98,5.454785268571615
West,Silt,Rice,441.545523965362,23.43413676856684,False,True,Rainy,98,3.68495779755198
West,Silt,Cotton,772.723014828668,23.436600009394837,True,False,Rainy,104,6.319331513821069
West,Loam,Soybean,180.71230876409055,27.794396305288323,True,False,Cloudy,61,3.1620673877911574
West,Peaty,Barley,713.4623189116754,27.48360470938824,True,False,Rainy,105,5.396446269818312
South,Chalky,Rice,752.3357658611744,27.92647419984008,False,False,Rainy,143,4.762166142409185
South,Loam,Barley,456.05710878242814,37.90642140781969,True,False,Sunny,110,4.546587827576611
East,Sandy,Cotton,220.62837225323204,16.095401226221234,False,False,Cloudy,110,1.7660224053753095
North,Loam,Barley,902.6757541618985,21.08719768757839,False,True,Cloudy,117,5.505309771545697
East,Silt,Soybean,205.02984044283795,21.61799194201566,True,True,Sunny,124,3.627660884875288
South,Chalky,Soybean,566.3564698874648,24.446453017223103,True,False,Rainy,129,4.4560786190943285
North,Clay,Rice,559.8750763191955,37.79317330165846,False,False,Sunny,116,3.630303435116585
West,Silt,Wheat,284.2084664585486,30.239748775828,False,True,Sunny,99,3.091681633478839
South,Clay,Wheat,775.4894937349253,23.8584037579024,False,False,Rainy,143,4.4840459849325285
South,Clay,Maize,369.5914452182554,27.954167922088278,True,True,Cloudy,78,5.468206282767878
East,Silt,Maize,755.2376667671389,16.566074217135533,True,True,Rainy,61,6.161710585146045
West,Silt,Wheat,336.0277555497134,37.75678168572639,True,True,Rainy,115,5.984997574785262
West,Silt,Wheat,203.08676114484436,28.65602176487611,False,False,Cloudy,102,2.142588063012197
East,Clay,Barley,487.262857945733,27.39609526752495,False,True,Rainy,131,3.7905573151926033
South,Clay,Soybean,677.2090353193123,39.159889398631215,True,False,Cloudy,96,5.473108187649928
South,Clay,Rice,323.354313466689,37.585755779525655,False,True,Cloudy,137,2.6442608585249405
South,Peaty,Cotton,673.8435904596864,25.542013684307683,True,False,Cloudy,68,6.224497211353584
East,Loam,Maize,912.0483257643574,20.631383538499517,False,True,Rainy,70,6.666568070028548
East,Clay,Rice,441.7363825436589,29.2535715645534,False,True,Rainy,144,4.149416335834268
North,Chalky,Maize,889.1826939237785,20.5241870690364,True,True,Cloudy,83,7.428480807243337
East,Loam,Soybean,202.86722012142596,19.78511057110904,False,False,Rainy,140,1.096215634897192
West,Clay,Rice,567.7979876312774,24.62805676566852,True,True,Sunny,149,5.110559135918717
West,Sandy,Rice,366.3236901099861,24.537928694624547,True,True,Sunny,94,4.502037599709699
North,Chalky,Maize,489.13104964526434,18.413251766879053,False,False,Rainy,124,1.8320361747416367
West,Loam,Soybean,140.07646485574026,28.38151803500132,False,True,Rainy,140,3.1503080138228365
East,Peaty,Soybean,984.9206034998646,33.03862641609925,True,True,Rainy,143,8.178281599764599
East,Chalky,Wheat,636.171081962039,21.457967637883613,True,False,Cloudy,107,5.162967757487684
West,Sandy,Rice,182.15708155308653,33.87957401929668,False,False,Cloudy,66,1.609664777362937
West,Loam,Maize,320.8076118980573,31.350115039877807,True,False,Sunny,119,3.4680673148408268
South,Clay,Barley,101.02122565418344,27.64489831520685,False,True,Sunny,72,1.6844082052464524
West,Clay,Soybean,167.98757523683392,16.36471496195299,False,False,Rainy,82,1.0290808656963375
South,Peaty,Cotton,441.7520950798524,31.676619350215425,False,False,Sunny,77,2.3198340204181127
East,Clay,Maize,309.1651338051941,17.708851998382805,True,True,Rainy,114,4.188169867285934
East,Sandy,Wheat,238.1084095720224,16.52596705290994,True,False,Cloudy,94,2.7973210210319017
West,Clay,Rice,491.7393832350847,34.29786313848081,True,False,Sunny,137,4.802410720401888
North,Sandy,Maize,963.7072726672392,22.901564214289245,False,False,Sunny,131,5.40917304310183
South,Clay,Wheat,420.66528177796056,39.23485170022956,True,False,Cloudy,136,5.057339894377907
North,Chalky,Wheat,439.5239396386247,26.21333550054185,False,False,Cloudy,67,3.067763139343796
South,Chalky,Cotton,166.11881556174495,34.776056104603946,True,True,Rainy,69,4.832559060558382
East,Silt,Rice,295.0568925892801,38.32598874113144,True,True,Cloudy,88,4.032799281571506
East,Sandy,Cotton,654.4307277301637,36.01889292094717,False,False,Cloudy,134,4.114747943785689
North,Peaty,Wheat,112.48295242404396,35.922968740591315,False,False,Rainy,138,2.25435018550778
East,Chalky,Wheat,730.1367081197257,36.43088135191202,False,False,Sunny,76,5.102531368015852
South,Chalky,Wheat,506.6170495199807,28.291076679841854,False,False,Cloudy,145,3.1063870459793974
East,Silt,Soybean,294.24991469597234,35.84551384445724,False,True,Cloudy,113,3.845756427307394
West,Clay,Maize,556.0602694983165,24.19973886959552,True,False,Rainy,133,4.004580082284915
West,Silt,Wheat,922.3417787923833,16.654876089606944,True,False,Sunny,131,6.758612019169512
South,Peaty,Wheat,324.808321444787,27.04923975730216,False,False,Cloudy,146,1.681077440928645
North,Sandy,Maize,932.861621578542,18.569787814787333,False,True,Sunny,78,6.32124632850866
East,Silt,Barley,985.2229967240712,19.82486358571587,False,True,Sunny,78,5.641662566291934
South,Silt,Soybean,658.1698702340212,21.97079502967531,False,True,Rainy,89,4.181176919582486
North,Loam,Cotton,200.82281359590587,36.83535193124618,True,False,Cloudy,147,2.9615432636767958
South,Sandy,Maize,802.3634548786888,27.26852226812097,True,False,Rainy,106,7.04249958378969
West,Peaty,Cotton,177.36123758505025,24.482537613043277,True,False,Sunny,73,2.249292762048899
East,Silt,Rice,122.62360254712932,20.19595705016879,True,False,Rainy,101,2.1648452136379928
South,Loam,Maize,773.1095454485916,35.84534351399365,True,False,Rainy,130,5.196202621183517
North,Sandy,Wheat,194.5625765881527,29.18554373917201,False,False,Sunny,131,2.3354649907028704
West,Peaty,Soybean,967.161889984682,24.52397736116793,False,False,Cloudy,103,4.758861222649957
West,Loam,Barley,593.7949018044305,20.76925402704173,True,False,Rainy,119,4.845426926477511
South,Clay,Wheat,216.56934253647148,30.01411413795004,False,False,Cloudy,63,1.6039743434430245
North,Clay,Soybean,422.2589412851992,24.51901594032475,True,False,Cloudy,147,5.24882546891513
North,Chalky,Maize,442.5995965624791,19.141549570207477,True,True,Sunny,119,5.090327553989196
South,Peaty,Maize,193.8913687202985,23.82248453370223,True,False,Rainy,72,3.57988990125536
North,Silt,Barley,190.0959309028545,15.585458262332672,True,False,Rainy,79,2.1720018623897084
West,Sandy,Soybean,448.7773433677486,30.26593547422676,True,False,Rainy,99,5.551196795530127
North,Silt,Cotton,123.49690861466256,37.457303736570935,True,True,Sunny,82,4.774701113044872
North,Chalky,Soybean,130.28433894082227,21.472888178044432,False,True,Rainy,137,1.950544751445092
East,Silt,Barley,178.62421240498787,18.253987395083747,True,False,Rainy,73,4.281029276864237
East,Silt,Barley,138.83356702859928,28.162522309515097,False,False,Cloudy,87,0.6667836525835593
South,Silt,Cotton,527.6432101387795,35.19866914269761,False,True,Sunny,136,3.608227054492224
North,Peaty,Maize,479.4240242832529,28.336952234930315,True,False,Rainy,145,4.445510146815503
North,Loam,Soybean,147.33575370787986,31.261068493721385,False,False,Rainy,141,1.8780349137151664
South,Clay,Wheat,283.3594044349177,15.12220122019324,True,False,Rainy,96,3.4394813147573142
South,Clay,Wheat,953.5097626303826,23.7433814288039,False,True,Rainy,90,6.643614372713157
North,Peaty,Rice,253.0155020289633,15.039296466549107,False,False,Sunny,125,2.1798124112720765
South,Silt,Soybean,625.3553639259679,26.75938947663503,False,True,Sunny,98,5.590396431001556
West,Sandy,Rice,213.0426688156524,37.53410920066241,True,False,Rainy,103,3.477364746186911
West,Silt,Rice,767.0738614398023,18.42941689180111,False,False,Cloudy,103,4.00420142688244
South,Clay,Rice,658.5284029202008,28.85971992863964,True,True,Sunny,61,6.17671400450613
East,Peaty,Maize,787.7104898116249,27.544523301451,False,False,Cloudy,67,5.135314549852112
North,Clay,Barley,664.3388660863008,33.66969071030248,False,False,Sunny,138,3.642552168471005
West,Silt,Soybean,617.9651288462115,22.068611131346177,True,True,Rainy,116,6.390676010926704
South,Sandy,Wheat,391.6608908956687,37.74247234407598,True,False,Sunny,103,4.255573469049362
North,Chalky,Rice,474.6442714523676,29.29057560787569,True,True,Sunny,112,5.0073704589000645
North,Silt,Wheat,108.41365976747431,20.84651318143886,False,True,Rainy,133,2.2302885805342663
North,Loam,Soybean,829.5654978220404,25.78237869356289,False,True,Rainy,86,5.899820560502958
West,Silt,Cotton,616.6737744364999,34.73164080923195,False,True,Rainy,131,5.078724788638604
West,Clay,Soybean,172.1650478536202,17.287789999661555,False,True,Sunny,65,2.087304469784131
West,Silt,Maize,841.9720732062964,37.120004325684704,True,True,Cloudy,64,7.784134899520228
South,Sandy,Barley,489.56987985029,19.91080905016509,False,False,Cloudy,80,3.487839970104721
East,Sandy,Barley,676.1909175129657,19.146684801554784,True,True,Rainy,90,6.413544659924263
West,Loam,Soybean,906.3013749162872,19.599891093689514,False,True,Cloudy,140,5.432064613342567
West,Sandy,Soybean,304.05581431300607,26.049738860001824,False,True,Sunny,91,2.831744294486356
West,Loam,Soybean,279.6899447437497,36.47252836114602,False,False,Cloudy,86,2.442044106737771
North,Sandy,Wheat,662.0176361471914,21.398000586248344,False,True,Cloudy,112,4.533388595094928
South,Clay,Soybean,417.7566824460221,28.97385651606203,False,False,Rainy,122,2.6930124234626005
East,Loam,Wheat,855.2915608555352,36.32094544389855,False,True,Cloudy,69,5.6709804945515865
South,Sandy,Rice,937.6393890764974,16.859087397807514,True,True,Rainy,65,8.600723127552333
West,Loam,Cotton,574.025453061405,20.513530266295074,True,False,Sunny,101,5.021324403860934
East,Chalky,Maize,563.8045417962082,29.36138584815052,False,True,Cloudy,102,5.235381674584673
East,Chalky,Wheat,226.8679019192138,17.526895534096347,False,False,Cloudy,119,2.327670424608607
East,Chalky,Rice,255.72394282704505,23.35901871080761,False,False,Sunny,78,1.938156935200772
East,Sandy,Wheat,285.0199135970678,15.95626490415966,True,True,Sunny,137,5.306198214873437
North,Clay,Maize,154.63567363143744,30.78881537958928,True,False,Rainy,128,3.475204172975308
North,Peaty,Barley,810.3507591934236,19.72236471798456,False,False,Rainy,122,4.312437543276573
North,Loam,Wheat,332.461898775647,38.07051904884512,True,True,Cloudy,143,4.774025853804897
West,Peaty,Wheat,710.3127183181848,22.637483204903056,True,False,Rainy,111,5.781608267715618
East,Sandy,Wheat,213.7250321684955,33.83215872121335,False,True,Cloudy,75,3.168156628646974
East,Sandy,Soybean,589.2825364874357,33.18632074302603,False,False,Rainy,128,4.103561487946868
South,Chalky,Maize,792.3097412215515,27.786526116536557,False,True,Sunny,81,5.77463635044773
East,Sandy,Cotton,557.2111155625547,16.232959036405994,True,False,Rainy,81,4.889872507653711
East,Chalky,Soybean,499.5689192463518,39.51050664458373,True,True,Cloudy,144,6.783108028578014
East,Silt,Maize,594.2150278230624,20.784479663833707,False,False,Rainy,61,3.403431988284275
South,Peaty,Maize,883.9066523891354,26.740912596722502,True,False,Sunny,92,6.141936445670527
West,Peaty,Soybean,240.9261255104577,31.78777570819726,True,True,Cloudy,64,4.813994860215166
West,Loam,Soybean,365.51317196792303,22.90111732048908,True,True,Rainy,65,5.070673119718974
East,Clay,Rice,762.9560976670728,34.3406954939249,True,False,Rainy,88,5.837176890010893
West,Sandy,Cotton,213.1989848160428,24.143814455766982,True,False,Cloudy,75,2.3722698396492428
South,Peaty,Cotton,258.2629829504138,28.81186823754296,False,True,Sunny,113,3.376947695720303
East,Peaty,Cotton,445.331668493719,22.879046867866357,False,True,Sunny,113,4.367133725872523
North,Chalky,Maize,734.3024766233507,20.849365059349388,True,False,Cloudy,124,4.841221779928909
South,Sandy,Maize,803.2916768281495,30.5299928289839,False,True,Sunny,97,6.344718489446651
West,Loam,Soybean,871.5882373535584,25.03345234300353,True,False,Rainy,113,6.919795248025339
South,Chalky,Cotton,954.263656128777,17.596087182524176,True,True,Rainy,140,7.889551059230734
South,Chalky,Wheat,144.49217615116467,27.711450106061463,False,True,Cloudy,85,1.6448743854680203
East,Peaty,Soybean,685.9417915765832,23.249684736427746,True,False,Rainy,129,5.4438005692225335
North,Clay,Rice,210.14139351178068,20.24723926723677,False,True,Rainy,140,2.960001507565065
East,Peaty,Maize,168.73129883790403,35.20030666399048,False,False,Cloudy,122,2.063553793747769
East,Silt,Maize,372.8863626012935,36.738101205037225,False,False,Sunny,83,3.2334682999876865
North,Loam,Barley,819.6703547208796,39.57385580956471,True,False,Rainy,148,6.626440334466518
South,Chalky,Maize,797.2757156285502,24.67692989655086,True,False,Sunny,143,5.864867226170584
North,Sandy,Cotton,502.9951622959514,34.71612108959674,False,True,Sunny,100,5.171817096099585
North,Chalky,Wheat,208.4697880419112,35.382451999271154,True,False,Cloudy,79,3.389553612401276
North,Chalky,Maize,605.2767268081268,18.44841594435558,True,False,Sunny,86,4.989346333091124
East,Sandy,Maize,971.8805725337444,27.36136641976639,True,False,Sunny,139,7.313489567175869
North,Clay,Cotton,522.6002482488375,22.23958335332444,True,True,Rainy,130,5.295380022553581
North,Chalky,Cotton,587.6324578917647,23.774043310984013,True,True,Sunny,116,5.804563283714858
West,Sandy,Maize,853.1247211582968,23.71857296089133,False,False,Sunny,64,3.992301166487001
West,Chalky,Rice,604.6547584617444,16.939853803162176,False,True,Sunny,111,4.184984306812595
South,Chalky,Wheat,415.36778395008895,30.08860197382147,False,False,Cloudy,71,3.3614087306884297
West,Loam,Maize,739.1385470966804,34.64731899407346,False,True,Sunny,67,5.439452826085085
North,Silt,Rice,109.29076845062434,27.956525669930365,True,False,Sunny,120,3.487268565983872
North,Loam,Rice,859.3496578166784,39.98925398850875,False,True,Sunny,75,6.40902005730136
West,Silt,Wheat,854.8621246261506,15.907136753923476,True,False,Cloudy,83,6.090316970631023
West,Loam,Wheat,322.004070108301,34.83786873791224,False,True,Sunny,122,3.5502291281553693
West,Silt,Barley,874.3437555326072,24.09203724634073,False,False,Cloudy,122,4.6200634847712205
East,Chalky,Cotton,968.9274387793224,21.461921577092035,True,False,Cloudy,149,7.417535810561194
West,Clay,Cotton,251.70420305284188,30.23412873325279,True,False,Cloudy,99,3.031232039990669
South,Chalky,Wheat,901.7134822263064,36.65844320288792,False,True,Rainy,142,6.14386659455548
East,Loam,Maize,840.0540977067475,17.62127172541991,True,False,Cloudy,67,6.636918590922801
East,Peaty,Soybean,805.9126478519431,18.200690943812532,True,False,Cloudy,123,6.2130019492768
West,Sandy,Barley,159.48847017916674,21.093270224187265,False,True,Rainy,88,3.523578228941563
West,Loam,Wheat,808.3109329578673,26.228513449527128,True,False,Cloudy,114,5.2212553331697125
South,Silt,Barley,759.680046232455,39.19073590465119,False,False,Sunny,66,4.31710032125434
South,Loam,Barley,557.0940236057475,36.70966298763618,True,True,Cloudy,131,6.298825637356472
East,Clay,Rice,868.7280101149037,20.706925909783585,False,True,Sunny,86,5.281525826560113
West,Clay,Maize,656.7396839864789,38.22590585713616,False,False,Rainy,117,3.592639250281884
East,Chalky,Wheat,108.5235546148974,22.77091619095313,True,True,Rainy,130,3.909421740688898
West,Silt,Rice,332.1994311654404,15.306929313877546,True,False,Rainy,85,3.2242883974303043
West,Sandy,Soybean,163.89292153683385,22.94122048076618,False,False,Cloudy,74,1.6751149468628252
North,Silt,Rice,830.4693772977307,38.12709444769514,False,False,Sunny,78,4.934118149372263
East,Loam,Rice,945.289736193477,39.47555664029652,False,True,Sunny,99,6.995493278496562
West,Loam,Maize,176.0363627171977,35.10280820320712,True,False,Sunny,68,3.121637090088889
East,Loam,Cotton,847.6367247700895,31.96294910485952,True,True,Sunny,136,6.663086969807032
South,Sandy,Barley,956.1405603767106,22.61416604136665,False,False,Cloudy,77,5.275749230034472
South,Loam,Rice,116.85188447918478,35.25840968171452,False,True,Sunny,92,3.355264277625261
South,Peaty,Cotton,984.5599091491304,29.368748761390563,False,False,Sunny,89,5.289275718145506
North,Sandy,Cotton,697.095421292037,27.71400448741919,True,False,Sunny,110,5.6087347490434105
North,Peaty,Rice,487.36773566812855,15.498324096777104,False,False,Rainy,132,2.6417936694807502
North,Clay,Maize,469.4169272373901,35.282085763000964,False,True,Rainy,82,4.648795161318011
West,Peaty,Barley,566.7132432445799,15.414180558063592,True,False,Rainy,68,4.20870172516064
West,Sandy,Cotton,195.6720125386421,24.4310336536803,True,False,Cloudy,94,3.410360136158157
East,Clay,Cotton,419.0357925458552,32.877870675138155,False,False,Cloudy,116,2.4214406644991358
North,Sandy,Barley,212.5840902075752,15.776911653959704,True,False,Rainy,133,3.893501504456717
South,Chalky,Cotton,696.8405008807048,27.25091887028208,False,False,Cloudy,62,3.308379115229303
West,Peaty,Rice,525.0894038196774,22.84368140183104,False,False,Rainy,85,3.112390587685057
South,Peaty,Rice,986.0275526444058,22.245823124863197,False,True,Cloudy,123,5.566211471715128
West,Peaty,Wheat,857.423978145697,23.21996373838301,False,False,Rainy,131,3.854471946252234
North,Sandy,Maize,742.712126757793,24.788235971407843,False,True,Sunny,75,5.556299648065909
West,Sandy,Soybean,392.00593113318985,38.4521687058768,True,True,Rainy,112,4.940784654440899
North,Clay,Wheat,994.0320768189238,17.458790643708014,True,True,Sunny,111,8.726130526259755
North,Chalky,Barley,496.6872129703463,20.88182239782176,False,False,Cloudy,111,2.6498188250744765
East,Loam,Wheat,798.4582563617154,17.39825190805624,True,True,Rainy,146,7.567097391201901
West,Chalky,Wheat,480.0570228233758,20.35323706650293,False,True,Cloudy,142,3.435828184908887
North,Loam,Maize,594.5857651889391,28.42060389106463,True,False,Cloudy,127,4.455453976197516
West,Chalky,Rice,374.9521888207561,18.19455320488576,False,True,Sunny,136,3.0659606182954287
North,Peaty,Soybean,103.4123640113858,28.22067528973616,True,False,Cloudy,134,3.166034934228465
South,Sandy,Wheat,643.4766047530837,16.158111478562475,True,True,Sunny,120,6.032052835202494
South,Chalky,Maize,910.9326787599788,23.984700719692807,False,True,Cloudy,105,5.108429219273016
East,Clay,Barley,838.3730274523975,21.02679577705629,False,False,Sunny,114,4.317929945742459
West,Loam,Wheat,517.7006321210918,36.09053067513995,True,False,Cloudy,138,5.20725465915087
West,Chalky,Rice,887.2410940083698,16.425486161651115,True,True,Sunny,103,7.293448452493415
North,Loam,Barley,593.829435215979,33.25963678648223,True,True,Rainy,144,6.751560763361149
West,Chalky,Soybean,870.0365877725698,20.802687538221768,False,True,Sunny,117,5.670827370099792
South,Loam,Cotton,566.9735834681263,26.10198129401794,False,True,Sunny,117,3.87903943776214
West,Peaty,Rice,491.23518537088125,23.904089099838984,True,False,Sunny,104,4.004184598142629
North,Loam,Cotton,617.5427958274967,16.943267518397576,True,True,Sunny,73,5.774862885810705
East,Chalky,Cotton,615.3589851777916,38.77977608142261,True,True,Sunny,90,6.481542506735433
East,Clay,Soybean,756.2354457764078,24.96461011389628,False,True,Sunny,91,5.062980027034175
North,Silt,Soybean,230.169627929957,30.827974366739248,False,True,Sunny,117,2.9554864731890014
North,Silt,Cotton,315.9395453240169,18.6226519092018,False,True,Cloudy,66,2.467401901206
North,Clay,Cotton,702.872955428187,39.96129832117489,False,True,Sunny,66,5.866039337444931
West,Chalky,Cotton,333.3263512220592,22.58753250833399,True,False,Cloudy,60,3.917869876622714
East,Silt,Rice,871.5324094489893,38.56173262672089,False,True,Cloudy,90,5.762797197551313
South,Silt,Maize,288.2879492309537,21.209833602278906,False,False,Sunny,138,1.8055857454974595
North,Loam,Cotton,407.0573270344416,30.254301994885594,False,False,Rainy,77,2.5034224348060152
West,Peaty,Maize,311.66127779719875,35.07266289243731,True,True,Sunny,66,5.094124258548725
West,Peaty,Rice,423.61453181232673,38.513440658437645,False,False,Sunny,111,2.457215955884813
West,Peaty,Rice,958.182244259374,31.2443393659034,True,False,Rainy,104,7.0507504587731775
East,Loam,Barley,260.2152783284746,19.86043182206584,False,True,Sunny,109,3.212912063833424
South,Chalky,Maize,860.0713262146605,16.08731174103551,True,True,Rainy,146,6.8068866779904935
North,Loam,Barley,279.3302046357363,18.254587162966036,True,False,Rainy,92,2.486421154293824
South,Chalky,Maize,756.754280836371,20.349552426137983,True,False,Rainy,81,4.759295903347552
West,Sandy,Cotton,664.1211068094007,28.69327130440031,True,True,Cloudy,132,6.079715446270559
West,Loam,Wheat,757.4165319748674,29.840805263616787,True,True,Sunny,105,8.396355441222367
North,Sandy,Maize,961.9234834632956,22.14922777769397,False,True,Sunny,129,7.160373116415673
East,Peaty,Barley,733.9432146207578,18.973803870917592,True,False,Cloudy,84,6.611161360209764
North,Silt,Rice,299.31209194907126,20.74584695481464,False,False,Sunny,90,1.5584971846085065
East,Silt,Barley,995.0611753277176,35.51198684419417,False,False,Rainy,89,6.107389433917199
West,Chalky,Cotton,589.8552574351704,25.04231723792283,False,True,Cloudy,79,3.776712476454128
South,Sandy,Rice,441.2137329567439,39.71179465343465,False,False,Rainy,113,2.833006505091024
North,Loam,Rice,814.121782443315,35.6070510474345,False,False,Sunny,133,5.085715454651932
North,Sandy,Wheat,621.365843081221,16.009731404815202,False,False,Cloudy,114,3.594577708879536
North,Sandy,Maize,417.917369186236,15.949856766788027,True,True,Cloudy,100,4.977292148167272
South,Peaty,Barley,234.71184010584156,28.274424952044757,True,True,Cloudy,109,4.830607785026521
West,Silt,Barley,990.5210261002572,21.03767222392173,False,False,Sunny,72,5.052583202641899
East,Chalky,Rice,146.16130658902702,36.69056820685991,True,True,Rainy,99,5.1136092167586895
South,Clay,Soybean,228.01550432052343,34.959371675762966,True,False,Cloudy,66,3.4741567423117563
West,Clay,Soybean,308.95792242920265,22.89901920439194,False,False,Cloudy,148,0.7155133571053238
North,Clay,Rice,793.6032475918579,25.603749265567224,False,False,Sunny,102,4.519769812169328
West,Sandy,Maize,455.65988516354,25.44294784302638,False,False,Sunny,127,2.453013158290948
West,Silt,Cotton,989.954328879121,20.964401851818508,False,True,Cloudy,131,6.693262623248225
South,Peaty,Cotton,397.1404824141789,20.783358954584457,False,True,Cloudy,74,3.3569693344796256
West,Loam,Barley,994.2746074210252,38.949211808097935,False,True,Cloudy,82,6.979814636750183
South,Clay,Maize,201.3043176064044,23.14181417671046,True,True,Sunny,83,5.07696918846284
North,Peaty,Maize,529.7754885529996,39.46398212747041,True,True,Rainy,134,6.885286171214072
South,Peaty,Wheat,989.2113429114964,38.59350292757486,True,False,Cloudy,115,7.194509577516618
North,Silt,Soybean,611.5157014657973,15.94870793798557,True,False,Cloudy,108,5.046744579934137
South,Sandy,Soybean,401.5275578653813,17.904824406840024,False,True,Cloudy,68,3.333303145135214
South,Loam,Barley,218.72908123452845,33.531431885510464,True,True,Cloudy,126,4.846639040815012
North,Chalky,Rice,370.8426823660573,35.28732912332504,False,True,Cloudy,76,4.466557980567606
West,Loam,Soybean,997.2562535820732,37.27169163203175,True,True,Sunny,92,7.94587155672392
North,Sandy,Rice,403.75150678681655,22.429402986916337,False,True,Rainy,88,3.164098055747665
South,Sandy,Wheat,165.72750104962603,23.708858799543023,True,True,Sunny,92,3.9206284462601975
North,Peaty,Maize,973.9721891408756,37.34087785442578,False,True,Rainy,145,7.664109553435412
North,Chalky,Wheat,181.2061429857335,27.377261807757016,False,True,Cloudy,85,2.465721833114431
East,Sandy,Barley,311.6109078658833,35.9679965225471,False,True,Rainy,65,4.494632072726206
North,Chalky,Soybean,742.0929893051704,39.7705736198515,True,True,Sunny,69,7.182716329991586
North,Clay,Rice,975.4390565916397,32.77151378214181,False,False,Cloudy,77,6.945331435227348
North,Peaty,Maize,367.49642525630986,22.356940516507624,True,False,Sunny,100,3.648502809686848
South,Silt,Rice,112.43873597664088,27.00333675628368,True,False,Sunny,67,1.951386980144855
West,Loam,Cotton,652.3796780383267,29.11804343879233,True,True,Cloudy,90,6.211394177308546
East,Sandy,Maize,254.9521549139549,35.48068601089966,True,True,Sunny,90,4.068014177528186
West,Loam,Barley,814.4921791273773,30.250402712272383,True,False,Rainy,121,7.430396425685621
North,Sandy,Wheat,320.8844324392793,34.63878133508149,True,True,Sunny,97,5.033589305634994
North,Clay,Wheat,236.58491218575796,24.789381345225134,False,True,Sunny,119,2.4051443788484432
South,Clay,Rice,545.7809026474711,30.75356472251064,False,False,Sunny,148,3.637193288500973
East,Sandy,Barley,413.9186576522947,26.92805752917922,False,False,Sunny,104,3.3475593337561547
East,Sandy,Wheat,164.4707072866138,24.08615742797602,True,False,Rainy,77,2.813669251783625
East,Clay,Barley,756.5095625956061,27.91772959045205,False,True,Cloudy,68,5.135460892173608
East,Clay,Soybean,766.2959478869661,21.866580055335632,False,True,Sunny,70,5.776372760631147
West,Sandy,Rice,161.43432690610328,17.956115654707574,False,True,Sunny,123,1.1790572024258583
North,Chalky,Rice,163.86657318605475,33.837575248685624,False,False,Sunny,79,1.2282371677542514
West,Loam,Cotton,562.3995902737793,28.052588509148844,False,True,Sunny,67,4.103719863850349
West,Clay,Maize,203.4510933810288,26.076106459632754,False,True,Cloudy,98,3.164497420364872
North,Peaty,Barley,273.8682334947047,38.98761248263025,True,False,Rainy,98,3.261681711659149
East,Peaty,Maize,275.50634848974465,33.947505294485524,False,True,Cloudy,98,2.7884962724731275
West,Loam,Maize,602.8562930821754,16.083664437284856,False,False,Sunny,89,3.8277754237952255
North,Silt,Rice,187.460702551674,29.17998149610925,False,False,Cloudy,76,1.8448142318737324
West,Sandy,Cotton,274.4179590461132,20.13659507575775,True,True,Cloudy,61,3.803499619389592
South,Sandy,Wheat,748.8232708184077,18.312645090657067,False,True,Rainy,67,5.082748503291435
East,Sandy,Wheat,520.8900463776641,33.08514773441515,True,True,Sunny,130,6.828254760474502
North,Loam,Rice,974.0544078988052,26.3294769503318,True,False,Cloudy,139,8.353008159373724
West,Peaty,Soybean,663.3845785266701,23.06041303013899,False,True,Cloudy,70,5.713134271435112
North,Chalky,Maize,371.11108505239577,39.665178222933456,True,False,Sunny,148,4.104363827241103
South,Loam,Cotton,532.729318610862,36.09616619136659,True,False,Sunny,105,5.803783899960751
East,Silt,Soybean,719.2402045899884,35.41582559215952,False,False,Sunny,119,4.332213848148371
West,Silt,Maize,708.5193263019771,39.4945851501172,False,False,Rainy,79,4.948367399319617
West,Silt,Cotton,912.0545508978583,23.51756877583212,True,False,Rainy,61,7.138578940816165
North,Loam,Barley,388.9929727766833,24.415361313078016,False,True,Cloudy,78,3.766160113784151
South,Clay,Wheat,107.6939953185882,37.49257347483116,True,False,Cloudy,122,2.971659773807092
North,Sandy,Rice,627.7711851153983,19.30965375519212,True,False,Cloudy,111,5.150043637178866
West,Clay,Wheat,255.4814705058319,37.38705026239064,True,True,Rainy,118,5.021607015778349
North,Silt,Cotton,639.8353791598486,34.10137669605169,False,False,Sunny,133,4.0196387390428905
West,Sandy,Barley,274.46001918598813,35.94921780545002,False,False,Sunny,124,2.05921563643317
West,Peaty,Maize,536.9541783807549,20.84109762532574,True,True,Cloudy,122,5.80676313755187
South,Sandy,Barley,170.00236010322072,24.04854317949401,False,True,Cloudy,76,1.907125338402349
North,Sandy,Barley,772.1533292680382,33.03434078632435,False,True,Rainy,89,5.549727861699371
South,Sandy,Barley,847.2347054541731,37.15727798363712,False,False,Rainy,124,4.275664066889324
South,Loam,Wheat,434.69840482614734,23.18482433084321,True,True,Cloudy,131,5.121907961836796
East,Clay,Maize,510.92451287226265,18.43903044464214,False,False,Sunny,60,2.2685063491140185
East,Clay,Soybean,878.0851646786535,15.272579455317098,False,False,Rainy,119,4.7970456037292415
East,Sandy,Cotton,863.7283064643763,18.027559516353055,True,True,Rainy,122,6.605834114449309
North,Sandy,Cotton,975.418211960698,22.7316738617114,True,False,Sunny,140,6.08210258443569
East,Loam,Wheat,289.24168300016754,24.74596235714112,False,True,Cloudy,145,3.2101618720844094
North,Sandy,Barley,619.6918841603957,23.671835543400267,True,False,Cloudy,83,5.580598039275987
North,Sandy,Soybean,470.5504370010237,17.004347311226105,False,True,Cloudy,68,4.454230327287285
West,Sandy,Rice,641.6344421745131,32.846280270436225,False,True,Rainy,102,5.512400398663546
East,Peaty,Rice,117.56298355231274,32.62417207770911,True,True,Sunny,145,2.8788458483708856
East,Sandy,Maize,331.28891440937514,17.25259139761409,False,False,Rainy,148,2.3387074262264878
South,Clay,Wheat,719.44039878654,36.22971856539639,False,True,Sunny,93,5.560214765454823
North,Loam,Barley,575.5476471408649,39.89283405875885,True,True,Cloudy,130,5.517199711712689
West,Clay,Soybean,924.5016869314992,15.769623534974242,True,False,Rainy,98,5.9232164793023045
West,Peaty,Wheat,385.10573040686455,34.02796492458772,True,False,Rainy,130,4.154776530844947
West,Sandy,Barley,673.6681312512563,22.649674546502546,True,True,Rainy,81,6.273225569746681
West,Peaty,Wheat,662.9553820353966,30.58900085707528,False,False,Rainy,84,4.763722135319436
North,Clay,Maize,782.070378635235,20.20951320398329,False,True,Cloudy,63,4.857275911716804
North,Loam,Barley,909.627022088534,24.152341982646025,True,True,Rainy,101,7.981110468467111
North,Sandy,Wheat,619.7104095106697,31.46244177571858,True,True,Rainy,84,6.795262371169451
West,Silt,Rice,481.1155945056267,31.18000422955504,True,False,Rainy,133,4.775923294933693
East,Chalky,Rice,742.897037899907,27.11328495369615,False,True,Sunny,137,6.17308222380476
East,Sandy,Rice,803.7186281881372,39.50463504515891,False,True,Rainy,85,6.056031459977573
West,Clay,Rice,123.35536462436112,34.699893389035864,True,False,Cloudy,132,3.7009360568357454
East,Silt,Soybean,584.5560184842432,30.00960301238909,True,False,Rainy,123,4.827735291608723
East,Chalky,Cotton,229.2168701734652,28.59148942898908,True,False,Cloudy,147,3.151318786143978
West,Loam,Soybean,919.1762448143216,20.00016210148177,True,True,Sunny,119,7.593250337856149
North,Clay,Barley,667.9921980272223,39.61168012950057,False,False,Cloudy,87,3.095972833144736
East,Clay,Cotton,723.2300676786165,39.42176157048953,False,False,Rainy,65,4.568469332302159
East,Chalky,Maize,734.1628884253753,17.351086813745866,False,True,Cloudy,92,4.778805525616297
East,Peaty,Rice,501.243820469051,20.53476363314552,True,False,Cloudy,140,3.584293233964998
South,Clay,Maize,585.2188325045458,39.51798553635008,False,False,Cloudy,98,3.575230313566397
West,Loam,Cotton,779.1422692644694,21.03718824712621,True,False,Rainy,104,6.931414734903796
South,Silt,Barley,246.6193222360906,37.25807299825009,False,True,Rainy,90,3.8047037107309674
North,Sandy,Barley,995.9589691870708,35.56956799812035,True,False,Sunny,74,6.531036686856797
South,Sandy,Wheat,181.6239565708289,16.033495262153792,False,True,Cloudy,61,1.8353198719619264
East,Loam,Soybean,689.1454442948639,16.219319645807015,True,False,Rainy,64,5.280607442648814
South,Sandy,Barley,229.7086325301203,39.80693259948831,False,True,Cloudy,70,3.8720035124348726
North,Sandy,Wheat,103.8410249804337,17.88863792077451,True,True,Sunny,143,4.089852215304355
West,Peaty,Rice,645.9102612284646,31.04302662390692,False,True,Rainy,118,4.688775790917973
South,Loam,Rice,312.8741366647372,27.698165250693247,True,True,Sunny,114,4.657910011742692
South,Sandy,Soybean,868.2553060695813,26.40430028567385,True,True,Rainy,86,7.196977932996114
South,Peaty,Maize,735.6829624917914,36.56918025978274,True,True,Cloudy,136,7.283947116117711
North,Loam,Cotton,164.5764264341344,32.414467953332895,True,False,Cloudy,91,2.198851805426119
West,Peaty,Soybean,794.1823980971118,36.600721216499565,True,False,Sunny,140,6.774322747084697
East,Clay,Maize,332.6028315616924,37.93248031190947,True,True,Rainy,134,5.572461764299879
North,Chalky,Maize,913.6889074982918,30.75921707186881,True,True,Cloudy,130,8.075342553634052
North,Peaty,Barley,355.63139652273327,28.91133800778684,True,False,Rainy,69,4.026695377707033
South,Peaty,Soybean,919.7708806157808,38.7744693663872,True,False,Cloudy,81,6.634238484356798
North,Chalky,Maize,827.2470941632654,30.89658079154266,False,False,Rainy,64,6.347246642546347
South,Sandy,Maize,553.1062528477382,26.32067287218375,True,False,Rainy,134,6.2425678839154575
East,Clay,Soybean,251.376803688294,34.385331559156775,True,True,Rainy,129,4.506755755768592
East,Loam,Wheat,677.0160142037037,15.423102111810527,True,False,Rainy,71,4.892672902321573
East,Loam,Rice,276.6517495556405,29.025525413827832,True,False,Cloudy,135,3.407248869875168
North,Clay,Cotton,795.7957609867753,39.888443775685424,True,True,Rainy,60,8.14221414385227
North,Peaty,Cotton,230.83426608929,35.40037504983585,False,True,Rainy,117,2.9956389838902147
South,Peaty,Barley,959.2342294464484,27.681060653726203,True,True,Cloudy,105,8.55595162963934
South,Peaty,Maize,601.6674462238254,38.21846331935164,False,False,Cloudy,149,4.465413727928329
West,Chalky,Wheat,736.4229792615126,31.813530744536312,True,False,Cloudy,76,6.148885283020831
East,Chalky,Maize,967.106883484261,27.86986137100821,False,True,Sunny,127,5.600839360423655
South,Chalky,Cotton,874.6658999927153,37.05197492636087,True,True,Rainy,131,7.295856777161989
South,Sandy,Cotton,947.5978536631142,22.25883534857848,True,True,Sunny,68,7.699743877210108
East,Clay,Cotton,386.1462327888151,17.514465580123463,True,True,Rainy,60,4.6968200684942
South,Clay,Barley,211.63282911402283,20.95040457229224,True,False,Cloudy,104,2.884062657988146
East,Clay,Barley,937.216813539898,20.702185482239848,True,True,Sunny,74,7.804773409602208
West,Clay,Soybean,826.4334184909434,32.847743893636434,False,True,Sunny,67,6.543432344209164
South,Sandy,Soybean,725.9150143255871,27.77197084540969,True,False,Sunny,104,5.884114116961468
East,Clay,Rice,303.1834919693362,38.32733220602458,True,True,Rainy,76,4.440737059380841
West,Silt,Maize,536.8282695179536,15.694206002600096,True,True,Sunny,66,5.806083173875427
South,Chalky,Rice,118.8440358413882,39.26289253789052,False,False,Rainy,139,1.1920187303756529
West,Sandy,Soybean,214.71775003288812,36.25757253078165,True,True,Cloudy,85,4.058477880071091
North,Chalky,Soybean,393.8332535071586,15.479879353562552,True,False,Sunny,68,4.566568526003831
West,Peaty,Cotton,668.312539770905,29.9788478395668,False,True,Sunny,141,4.559795788162722
North,Clay,Barley,234.45150827496045,28.307828972245154,False,False,Rainy,121,1.6852270841872865
East,Peaty,Soybean,688.7695391538648,24.44933067738141,False,False,Sunny,79,3.916896273336069
South,Loam,Maize,317.00832126153875,21.3252763014185,False,False,Sunny,135,2.015891736473667
West,Loam,Barley,109.48951094748634,25.629624529652705,False,True,Rainy,67,3.36844150329568
South,Silt,Maize,449.8486083823043,37.59325792548583,True,True,Cloudy,67,6.517954415157276
South,Chalky,Barley,540.0330433798933,18.32142993533961,False,True,Rainy,102,3.753947571880216
South,Silt,Soybean,313.81063934569625,33.60617961511894,True,True,Sunny,91,4.926453510193123
East,Sandy,Soybean,883.4948215855381,19.223214768490752,True,False,Cloudy,142,5.884248494046429
South,Silt,Wheat,419.1708040718541,32.50466931050914,True,False,Rainy,121,3.2165104220264102
West,Peaty,Wheat,399.7217958328765,29.18594631263494,False,False,Rainy,131,2.322516773768501
South,Sandy,Cotton,270.45547822103134,16.52956261329261,False,True,Cloudy,71,1.7575667491534466
North,Clay,Cotton,322.90380762270263,24.33746442527347,False,True,Sunny,136,3.172392449921266
North,Silt,Cotton,325.4409297218354,17.850285407673447,False,True,Cloudy,139,3.662401582362173
East,Silt,Wheat,639.9687656726627,28.636720978674333,False,True,Rainy,72,4.427700793150081
South,Silt,Rice,263.902946467785,16.776227750757165,True,False,Rainy,97,3.946846627210853
North,Sandy,Maize,458.659189491114,34.497134107290705,False,True,Cloudy,73,4.786679594965361
North,Chalky,Rice,866.6276910570805,21.1216206390874,False,True,Sunny,105,5.791363717831101
West,Clay,Wheat,232.22599251497996,18.27672386164557,True,True,Cloudy,134,4.310945029711622
East,Clay,Barley,502.7796173440515,21.30755843996061,False,True,Sunny,80,3.788995946761129
North,Chalky,Rice,830.1580120450751,20.53576519613122,False,True,Rainy,62,5.409317128376719
West,Silt,Wheat,440.3388318970017,38.74657407203969,True,False,Sunny,105,4.966867727374097
East,Chalky,Rice,186.98648310128868,15.515433832415182,True,False,Cloudy,66,3.024789200788435
South,Peaty,Wheat,428.0426730698219,39.00080254977523,False,False,Sunny,73,3.07323022745321
North,Clay,Soybean,261.1211120430397,20.569008476693693,False,False,Rainy,74,1.533036452870279
South,Clay,Barley,609.5655492344247,27.70852251727609,True,False,Cloudy,78,5.994745379337231
South,Clay,Cotton,516.2486018164141,36.27103969023446,True,False,Cloudy,105,5.166936265534162
South,Peaty,Cotton,243.45542028073135,23.932188739044957,True,True,Cloudy,62,4.20693788125746
North,Loam,Maize,264.8706353209563,37.50653824340573,False,False,Sunny,87,2.9764971162406577
East,Silt,Cotton,332.68707058016344,36.83100293002924,False,True,Cloudy,108,3.6362968930402686
North,Clay,Barley,473.75603353015214,23.25889160345489,False,False,Rainy,81,2.9782328168689944
South,Silt,Maize,571.7340466030205,25.88040863905811,False,False,Sunny,148,3.621910535373198
West,Loam,Rice,684.2449114287637,35.69927375511058,True,False,Sunny,141,5.176384751858072
West,Peaty,Wheat,156.77600387181113,29.246601856487693,True,False,Cloudy,90,3.083212852897015
South,Sandy,Barley,699.9214388862285,23.29658682394221,True,True,Rainy,114,6.54810437042475
South,Sandy,Wheat,308.8191755123411,30.67480925318924,False,True,Cloudy,109,3.07572979850156
North,Sandy,Barley,745.3467289172943,24.32663274544336,False,False,Cloudy,144,3.9431721129065993
South,Chalky,Wheat,527.694564034789,25.92362928740832,True,True,Sunny,92,5.503326461263733
North,Chalky,Rice,104.508488857794,39.25223570659699,False,True,Sunny,139,2.149297989366589
North,Clay,Rice,721.6171372771562,36.76366878183384,False,True,Cloudy,133,4.886167289905949
North,Clay,Barley,722.0623029551672,24.557817401773008,False,False,Rainy,99,3.3505962678106864
South,Sandy,Soybean,512.3721625054095,33.38021015348443,True,False,Sunny,68,5.131156243599625
West,Silt,Wheat,844.2406160050325,38.13348116560829,True,True,Rainy,131,7.187565606734502
South,Silt,Barley,443.78195614267554,16.433001133204574,False,False,Sunny,86,3.176400491336316
South,Loam,Cotton,624.3295217394898,36.51815177618032,True,True,Rainy,131,6.419362212762287
South,Chalky,Maize,604.3403490941096,31.19313907205673,False,True,Rainy,77,4.499739444140335
South,Clay,Rice,387.9920021493665,28.631978517544944,True,False,Rainy,144,4.332273415012321
East,Clay,Maize,582.7589089313152,35.01513906495893,True,False,Sunny,123,4.951354714618637
West,Chalky,Wheat,207.0024269441163,34.94828513565599,False,False,Cloudy,130,1.3472581427443306
